"demanda_id","client_id","id_legado","titulo","natureza","data_abertura","status_interno","vinculada","vinculo","quadro","area_cxhub","status_cxhub","prioridade","tipo","criador","responsavel","motivo_bloqueio","rfi_id","destino_area","arquivo"
"D-2025-001","basico-co","UMD-133","Configurar tabelas de medida - para que fique automatico cm ou % na edição de pontos de…","casa-cliente","30/06/2025","Concluída","Sim","CX Hub — ID: UMD-133","","","Backlog","","Melhoria","Julianne Rodrigues","","","","","uMode/_Clientes/Básico&Co/00_Institucional/_demandas/D-2025-001.md"
"D-2025-001","baw","UMD-227","Travar o acesso para Ativar/Inativar os cadastros de materiais/cores","casa-cliente","02/09/2025","Concluída","Sim","CX Hub — ID: UMD-227","","","Concluído","","Configuração","Laura Delgado","","","","","uMode/_Clientes/Baw/00_Institucional/_demandas/D-2025-001.md"
"D-2025-002","baw","UMD-322","Acompanhar o Cronograma BAW","casa-cliente","03/09/2025","Concluída","Sim","CX Hub — ID: UMD-322","","","Cancelado","","Suporte","Laura Delgado","Laura Delgado, Andrea Holmer","","","","uMode/_Clientes/Baw/00_Institucional/_demandas/D-2025-002.md"
"D-2025-003","baw","UMD-425","Inativar usuários","casa-cliente","16/09/2025","Concluída","Sim","CX Hub — ID: UMD-425","Operação","Operação | KA","Concluído","","Suporte","Laura Delgado","Laura Delgado, Andrea Holmer","","","","uMode/_Clientes/Baw/00_Institucional/_demandas/D-2025-003.md"
"D-2025-004","baw","UMD-549","Ajustes no mapeamento dos campos tabela PRODUTO","casa-cliente","18/09/2025","Concluída","Sim","CX Hub — ID: UMD-549","Tech","Suporte Tech","Concluído","","Integração","Laura Delgado","Laura Delgado, Andrea Holmer","","","","uMode/_Clientes/Baw/00_Institucional/_demandas/D-2025-004.md"
"D-2025-005","baw","UMD-448","Limpar campo ao duplicar produto","casa-cliente","18/09/2025","Concluída","Sim","CX Hub — ID: UMD-448","Operação","Sem Área","Concluído","","Configuração","Laura Delgado","Laura Delgado, Andrea Holmer","","","","uMode/_Clientes/Baw/00_Institucional/_demandas/D-2025-005.md"
"D-2025-006","baw","UMD-521","Ajustar Perfil de Acesso dos Fornecedores","casa-cliente","23/09/2025","Concluída","Sim","CX Hub — ID: UMD-521","Operação","Sem Área","Concluído","","Configuração","Laura Delgado","Laura Delgado, Andrea Holmer, Williem Berg Oliveira","","","","uMode/_Clientes/Baw/00_Institucional/_demandas/D-2025-006.md"
"D-2025-007","baw","UMD-555","Revisão de Perfil de Acesso BAW","casa-cliente","30/09/2025","Concluída","Sim","CX Hub — ID: UMD-555","Operação","Sem Área","Concluído","","Configuração","Laura Delgado","Laura Delgado, Andrea Holmer","","","","uMode/_Clientes/Baw/00_Institucional/_demandas/D-2025-007.md"
"D-2025-008","baw","UMD-726","Usuário da BAW enviou convite de acesso, retirar permissão para tal atividade","casa-cliente","28/10/2025","Concluída","Sim","CX Hub — ID: UMD-726","Operação","Sem Área","Concluído","","Configuração","Laura Delgado","Laura Delgado, Andrea Holmer","","","","uMode/_Clientes/Baw/00_Institucional/_demandas/D-2025-008.md"
"D-2025-009","baw","UMD-749","Ajustes de Relatórios","casa-cliente","31/10/2025","Concluída","Sim","CX Hub — ID: UMD-749","Tech","Suporte Tech","Cancelado","","Relatório","Laura Delgado","Laura Delgado, Andrea Holmer","","","","uMode/_Clientes/Baw/00_Institucional/_demandas/D-2025-009.md"
"D-2025-010","baw","UMD-755","Desativar relatórios","casa-cliente","03/11/2025","Concluída","Sim","CX Hub — ID: UMD-755","Operação","Sem Área","Concluído","","Relatório","Laura Delgado","Laura Delgado, Andrea Holmer","","","","uMode/_Clientes/Baw/00_Institucional/_demandas/D-2025-010.md"
"D-2026-001","baw","UMD-921","Material não foi criado novamente após reativação","casa-cliente","19/01/2026","Concluída","Sim","CX Hub — ID: UMD-921","Operação","Sem Área","Concluído","","Integração","Ana Paula Ramos","","","","","uMode/_Clientes/Baw/00_Institucional/_demandas/D-2026-001.md"
"D-2026-002","baw","UMD-954","Materiais não integraram","casa-cliente","27/01/2026","Concluída","Sim","CX Hub — ID: UMD-954","Tech","Suporte Tech","Concluído","","Integração","Ana Paula Ramos","Laura Delgado, Andrea Holmer","","","","uMode/_Clientes/Baw/00_Institucional/_demandas/D-2026-002.md"
"D-2026-003","baw","UMD-963","Relatório de Gestão de Coleção BAW","casa-cliente","02/02/2026","Concluída","Sim","CX Hub — ID: UMD-963","Operação","Sem Área","Concluído","","Relatório","Laura Delgado","Laura Delgado, Andrea Holmer","","","","uMode/_Clientes/Baw/00_Institucional/_demandas/D-2026-003.md"
"D-2026-004","baw","UMD-989","Acesso liberado para edição, mas não funciona","casa-cliente","11/02/2026","Concluída","Sim","CX Hub — ID: UMD-989","Operação","Sem Área","Concluído","","Bug","Laura Delgado","Laura Delgado, Andrea Holmer","","","","uMode/_Clientes/Baw/00_Institucional/_demandas/D-2026-004.md"
"D-2026-005","baw","UMD-1034","Materiais não integraram","casa-cliente","02/03/2026","Concluída","Sim","CX Hub — ID: UMD-1034","Tech","Suporte Tech","Concluído","","Integração","Ana Paula Ramos","","","","","uMode/_Clientes/Baw/00_Institucional/_demandas/D-2026-005.md"
"D-2026-006","baw","UMD-1068","Exportar Tabela de Medidas em Massa","casa-cliente","09/03/2026","Concluída","Sim","CX Hub — ID: UMD-1068","Operação","Sem Área","Cancelado","","Suporte","Laura Delgado","Laura Delgado, Andrea Holmer","","","","uMode/_Clientes/Baw/00_Institucional/_demandas/D-2026-006.md"
"D-2026-007","baw","UMD-1221","Produtos novos que não estão integrando","casa-cliente","23/04/2026","Concluída","Sim","CX Hub — ID: UMD-1221","Tech","Suporte Tech","Concluído","","Integração","Laura Delgado","Laura Delgado, Andrea Holmer","","","","uMode/_Clientes/Baw/00_Institucional/_demandas/D-2026-007.md"
"D-2026-008","baw","UMD-1229","Criar Perfil e usuário para o novo Fornecedor BAW -  Eczoz","casa-cliente","27/04/2026","Concluída","Sim","CX Hub — ID: UMD-1229","","","Concluído","","Configuração","Laura Delgado","","","","","uMode/_Clientes/Baw/00_Institucional/_demandas/D-2026-008.md"
"D-2025-001","caedu","UMD-125","Inativar fornecedores que não são de produtos de moda.","casa-cliente","30/04/2025","Concluída","Sim","CX Hub — ID: UMD-125","Operação","Sem Área","Concluído","Média","Configuração","Julianne Rodrigues","Julianne Rodrigues","Outra — valor legado do Notion: ""Aguardando Recurso Especial""","","","uMode/_Clientes/Caedu/00_Institucional/_demandas/D-2025-001.md"
"D-2025-002","caedu","UMD-177","Atualizar /preencher fichas com base em uma ficha base de forma automática.","casa-cliente","16/05/2025","Concluída","Sim","CX Hub — ID: UMD-177","Operação","Produto | Inovação","Backlog","","Melhoria","Julianne Rodrigues","Julianne Rodrigues","","","","uMode/_Clientes/Caedu/00_Institucional/_demandas/D-2025-002.md"
"D-2025-003","caedu","UMD-187","Criar hierarquia Griffe>linha :grupo e subgrupo","casa-cliente","25/05/2025","Concluída","Sim","CX Hub — ID: UMD-187","Operação","Sem Área","Backlog","","Configuração","Julianne Rodrigues","Julianne Rodrigues","","","","uMode/_Clientes/Caedu/00_Institucional/_demandas/D-2025-003.md"
"D-2025-004","caedu","UMD-176","Relatórios para a diretoria: R1: Status Entrada x Griffe x Linha; R2: Visão por Campanh…","casa-cliente","25/05/2025","Concluída","Sim","CX Hub — ID: UMD-176","Tech","Suporte Tech","Concluído","","Relatório","Julianne Rodrigues","Julianne Rodrigues","","","","uMode/_Clientes/Caedu/00_Institucional/_demandas/D-2025-004.md"
"D-2025-005","caedu","UMD-197","Subir calendário na uMode","casa-cliente","02/07/2025","Concluída","Sim","CX Hub — ID: UMD-197","Tech","Suporte Tech","Backlog","","Suporte","Julianne Rodrigues","Julianne Rodrigues","","","","uMode/_Clientes/Caedu/00_Institucional/_demandas/D-2025-005.md"
"D-2025-006","caedu","UMD-141","Adicionar novos campos a planilha de sortimento e a ao template de ficha","casa-cliente","02/07/2025","Concluída","Sim","CX Hub — ID: UMD-141","Operação","Sem Área","Concluído","","Configuração","Julianne Rodrigues","Julianne Rodrigues","","","","uMode/_Clientes/Caedu/00_Institucional/_demandas/D-2025-006.md"
"D-2025-007","caedu","UMD-139","Excluir campo Programa ; validações e tudo relacionado a ele após realinhamento com a d…","casa-cliente","03/07/2025","Concluída","Sim","CX Hub — ID: UMD-139","Operação","Sem Área","Concluído","","Configuração","Julianne Rodrigues","Julianne Rodrigues","","","","uMode/_Clientes/Caedu/00_Institucional/_demandas/D-2025-007.md"
"D-2025-008","caedu","UMD-142","Mapa B2B estava gerando agrupamento coleção>linha e agora apenas por coleção. Acredito…","casa-cliente","03/07/2025","Concluída","Sim","CX Hub — ID: UMD-142","Operação","Sem Área","Concluído","","Suporte","Julianne Rodrigues","Julianne Rodrigues","","","","uMode/_Clientes/Caedu/00_Institucional/_demandas/D-2025-008.md"
"D-2025-009","caedu","UMD-145","Podemos desenvolver uma forma de dar devolutivas  de possíveis erros de integração pra…","casa-cliente","04/07/2025","Concluída","Sim","CX Hub — ID: UMD-145","Tech","Suporte Tech","Backlog","","Melhoria","Julianne Rodrigues","Julianne Rodrigues","","","","uMode/_Clientes/Caedu/00_Institucional/_demandas/D-2025-009.md"
"D-2025-010","caedu","UMD-149","Ajustar validação linx: incluir campos, excluir campos e status finalizado","casa-cliente","08/07/2025","Concluída","Sim","CX Hub — ID: UMD-149","Operação","Sem Área","Concluído","","Configuração","Julianne Rodrigues","Julianne Rodrigues","","","","uMode/_Clientes/Caedu/00_Institucional/_demandas/D-2025-010.md"
"D-2025-011","caedu","UMD-648","Mudança de regra descrição da variante","casa-cliente","08/10/2025","Concluída","Sim","CX Hub — ID: UMD-648","Operação","Sem Área","Cancelado","","Suporte","Julianne Rodrigues","","","","","uMode/_Clientes/Caedu/00_Institucional/_demandas/D-2025-011.md"
"D-2025-012","caedu","UMD-710","Referências geradas incorretamente","casa-cliente","21/10/2025","Concluída","Sim","CX Hub — ID: UMD-710","Operação","Sem Área","Cancelado","","Bug","Ana Paula Ramos","","","","","uMode/_Clientes/Caedu/00_Institucional/_demandas/D-2025-012.md"
"D-2025-013","caedu","UMD-715","Revisar listas dos campos custom evento, custom - tipo_de_produto, custom - tipo","casa-cliente","22/10/2025","Concluída","Sim","CX Hub — ID: UMD-715","Operação","Sem Área","Cancelado","","Suporte","Julianne Rodrigues","","Aguardando Cliente","","","uMode/_Clientes/Caedu/00_Institucional/_demandas/D-2025-013.md"
"D-2025-014","caedu","UMD-797","Erro: Nos perfil dos fornecedores não aparecem as pastinhas das coleções associadas a ele","casa-cliente","12/11/2025","Concluída","Sim","CX Hub — ID: UMD-797","Operação","Sem Área","Concluído","Alta","Configuração","Julianne Rodrigues","Julianne Rodrigues, Pedro Murillo","","","","uMode/_Clientes/Caedu/00_Institucional/_demandas/D-2025-014.md"
"D-2026-001","caedu","UMD-944","Acrescentar campos na aba de importação e revisar listas conforme obs do cliente","casa-cliente","23/01/2026","Concluída","Sim","CX Hub — ID: UMD-944","Operação","Operação | KA","Concluído","","Configuração","Julianne Rodrigues","","","","","uMode/_Clientes/Caedu/00_Institucional/_demandas/D-2026-001.md"
"D-2026-002","caedu","UMD-971","Exportar listas dos campos grupo/subgrupo , linha","casa-cliente","05/02/2026","Concluída","Sim","CX Hub — ID: UMD-971","","","Concluído","","Suporte","Julianne Rodrigues","","","","","uMode/_Clientes/Caedu/00_Institucional/_demandas/D-2026-002.md"
"D-2026-003","caedu","UMD-985","Atualizar produtos","casa-cliente","10/02/2026","Concluída","Sim","CX Hub — ID: UMD-985","Tech","Suporte Tech","Concluído","","Integração","Ana Paula Ramos","","","RFI-2026-002","","uMode/_Clientes/Caedu/00_Institucional/_demandas/D-2026-003.md"
"D-2026-004","caedu","UMD-1038","Atualizar opções em listas de campo com hierarquia (personagem e licenciado) e pantone","casa-cliente","02/03/2026","Concluída","Sim","CX Hub — ID: UMD-1038","Operação","Sem Área","Concluído","","Configuração","Julianne Rodrigues","","","","","uMode/_Clientes/Caedu/00_Institucional/_demandas/D-2026-004.md"
"D-2026-005","caedu","UMD-1127","Sequencia ajustes de griffe, linha, grupo e subgrupo (Parte 2) [RFI 65]","casa-cliente","05/03/2026","Concluída","Sim","CX Hub — ID: UMD-1127","Tech","Suporte Tech","Backlog","","Integração","Marina Santoro","","Aguardando Decisão","RFI-2026-002","","uMode/_Clientes/Caedu/00_Institucional/_demandas/D-2026-005.md"
"D-2026-006","caedu","UMD-1074","Inativar opções em lista do campo NCM","casa-cliente","05/03/2026","Concluída","Sim","CX Hub — ID: UMD-1074","Operação","Sem Área","Concluído","","Suporte","Julianne Rodrigues","","","","","uMode/_Clientes/Caedu/00_Institucional/_demandas/D-2026-006.md"
"D-2026-007","caedu","UMD-1082","Produtos perenes: possibilidade de ter 2 ou mais em coleções diferentes com a mesma ref","casa-cliente","12/03/2026","Concluída","Sim","CX Hub — ID: UMD-1082","Operação","Produto | Inovação","Backlog","","Melhoria","Julianne Rodrigues","","","","","uMode/_Clientes/Caedu/00_Institucional/_demandas/D-2026-007.md"
"D-2026-008","caedu","UMD-1133","Produto não integra para o Linx","casa-cliente","24/03/2026","Concluída","Sim","CX Hub — ID: UMD-1133","","","Concluído","","Integração","Pedro Murillo","Pedro Murillo, Julianne Rodrigues","","","","uMode/_Clientes/Caedu/00_Institucional/_demandas/D-2026-008.md"
"D-2026-009","caedu","UMD-1075","Acrescentar opções a lista do campo esqueleto e incluir ele na validação Linx","casa-cliente","25/03/2026","Concluída","Sim","CX Hub — ID: UMD-1075","Operação","Sem Área","Concluído","","Suporte","Julianne Rodrigues","Julianne Rodrigues","","","","uMode/_Clientes/Caedu/00_Institucional/_demandas/D-2026-009.md"
"D-2026-010","caedu","UMD-1216","Acrescentar campos na aba de Packs e levar para os templates de impressão : “Pré pedido…","casa-cliente","15/04/2026","Concluída","Sim","CX Hub — ID: UMD-1216","Operação","Sem Área","A fazer","","Suporte","Julianne Rodrigues","","","","","uMode/_Clientes/Caedu/00_Institucional/_demandas/D-2026-010.md"
"D-2026-011","caedu","UMD-1207","Desenvolver API de imagens","casa-cliente","20/04/2026","Concluída","Sim","CX Hub — ID: UMD-1207","Tech","Suporte Tech","Backlog","","Integração","Julianne Rodrigues","Pedro Murillo, Julianne Rodrigues","Aguardando Decisão","RFI-2026-003","","uMode/_Clientes/Caedu/00_Institucional/_demandas/D-2026-011.md"
"D-2026-012","caedu","UMD-1234","Ref linx diferente da ref caedu","casa-cliente","28/04/2026","Concluída","Sim","CX Hub — ID: UMD-1234","Operação","Sem Área","Backlog","","Suporte","Julianne Rodrigues","","Aguardando Cliente","","","uMode/_Clientes/Caedu/00_Institucional/_demandas/D-2026-012.md"
"D-2025-001","cambos","UMD-39","Ajustar ordem dos campos na ficha","casa-cliente","31/01/2025","Concluída","Sim","CX Hub — ID: UMD-39","","","Concluído","","Suporte","Marina Santoro","","","","","uMode/_Clientes/Cambos/00_Institucional/_demandas/D-2025-001.md"
"D-2025-002","cambos","UMD-38","Atualizar lista dos campos","casa-cliente","31/01/2025","Concluída","Sim","CX Hub — ID: UMD-38","","","Concluído","","Suporte","Marina Santoro","","","","","uMode/_Clientes/Cambos/00_Institucional/_demandas/D-2025-002.md"
"D-2025-003","cambos","UMD-45","Automatizar o preenchimento do fornecedor para Cambos - padrão para todos os produtos","casa-cliente","04/02/2025","Concluída","Sim","CX Hub — ID: UMD-45","","","Concluído","","Melhoria","Marina Santoro","","","","","uMode/_Clientes/Cambos/00_Institucional/_demandas/D-2025-003.md"
"D-2025-004","cambos","UMD-123","Criar Aprovação automatica Cambos","casa-cliente","04/02/2025","Concluída","Sim","CX Hub — ID: UMD-123","","","Concluído","","Melhoria","Laura Delgado","","","","","uMode/_Clientes/Cambos/00_Institucional/_demandas/D-2025-004.md"
"D-2025-005","cambos","UMD-42","Ajustes da ficha de produto","casa-cliente","04/02/2025","Concluída","Sim","CX Hub — ID: UMD-42","","","Concluído","","Suporte","Marina Santoro","","","","","uMode/_Clientes/Cambos/00_Institucional/_demandas/D-2025-005.md"
"D-2025-006","cambos","UMD-43","Ficha de impressão","casa-cliente","04/02/2025","Concluída","Sim","CX Hub — ID: UMD-43","","","Concluído","","Configuração","Marina Santoro","","","","","uMode/_Clientes/Cambos/00_Institucional/_demandas/D-2025-006.md"
"D-2025-007","cambos","UMD-50","Desejo de no Workflow ter a opção “mover para etapa x”","casa-cliente","25/02/2025","Concluída","Sim","CX Hub — ID: UMD-50","Operação","Produto | Inovação","Backlog","","Produto","Marina Santoro","","Aguardando Decisão","","","uMode/_Clientes/Cambos/00_Institucional/_demandas/D-2025-007.md"
"D-2025-008","cambos","UMD-134","Tabela de Medidas","casa-cliente","22/04/2025","Concluída","Sim","CX Hub — ID: UMD-134","Operação","Operação | KA","Cancelado","","Configuração","Laura Delgado","Laura Delgado, Andrea Holmer","","","","uMode/_Clientes/Cambos/00_Institucional/_demandas/D-2025-008.md"
"D-2025-009","cambos","UMD-112","Relatório base de Gestão de Produto","casa-cliente","16/05/2025","Concluída","Sim","CX Hub — ID: UMD-112","Tech","Suporte Tech","Concluído","","Relatório","Marina Santoro","","","","","uMode/_Clientes/Cambos/00_Institucional/_demandas/D-2025-009.md"
"D-2025-010","cambos","UMD-119","Filtro salvos (exibição) no mapa com muitos erros","casa-cliente","16/05/2025","Concluída","Sim","CX Hub — ID: UMD-119","Operação","Produto | Inovação","Backlog","","Produto","Marina Santoro","","Aguardando Decisão","","","uMode/_Clientes/Cambos/00_Institucional/_demandas/D-2025-010.md"
"D-2025-011","cambos","UMD-136","Inclusão de campos naformação da descrição do produto","casa-cliente","29/05/2025","Concluída","Sim","CX Hub — ID: UMD-136","","","Concluído","","Configuração","Laura Delgado","","","","","uMode/_Clientes/Cambos/00_Institucional/_demandas/D-2025-011.md"
"D-2025-012","cambos","UMD-137","Ajuste da Aba Aprovações das Pilotos","casa-cliente","01/07/2025","Concluída","Sim","CX Hub — ID: UMD-137","","","Concluído","","Configuração","Laura Delgado","","","","","uMode/_Clientes/Cambos/00_Institucional/_demandas/D-2025-012.md"
"D-2025-013","cambos","UMD-148","Relatório Gestão de Aprovações","casa-cliente","10/07/2025","Concluída","Sim","CX Hub — ID: UMD-148","Tech","Suporte Tech","Concluído","","Relatório","Laura Delgado","","","","","uMode/_Clientes/Cambos/00_Institucional/_demandas/D-2025-013.md"
"D-2025-014","cambos","UMD-135","Controle de Produto mãe","casa-cliente","16/07/2025","Concluída","Sim","CX Hub — ID: UMD-135","","","Concluído","","Configuração","Laura Delgado","","","","","uMode/_Clientes/Cambos/00_Institucional/_demandas/D-2025-014.md"
"D-2025-015","cambos","UMD-166","Relatório Tarefas","casa-cliente","23/07/2025","Concluída","Sim","CX Hub — ID: UMD-166","Tech","Suporte Tech","Concluído","","Relatório","Laura Delgado","","","","","uMode/_Clientes/Cambos/00_Institucional/_demandas/D-2025-015.md"
"D-2025-016","cambos","UMD-178","Alterar as Modelagens das Fichas para o novo modelo","casa-cliente","24/07/2025","Concluída","Sim","CX Hub — ID: UMD-178","","","Concluído","","Configuração","Laura Delgado","","","","","uMode/_Clientes/Cambos/00_Institucional/_demandas/D-2025-016.md"
"D-2025-017","cambos","UMD-189","Incluir Campo QM na Integração","casa-cliente","07/08/2025","Concluída","Sim","CX Hub — ID: UMD-189","Tech","Suporte Tech","Concluído","","Integração","Laura Delgado","Marina Santoro","","RFI-2025-001","","uMode/_Clientes/Cambos/00_Institucional/_demandas/D-2025-017.md"
"D-2025-018","cambos","UMD-193","Possibilidade de Trazer o Lote na Impressão de Aprovação","casa-cliente","14/08/2025","Concluída","Sim","CX Hub — ID: UMD-193","Operação","Produto | Inovação","Backlog","","Produto","Laura Delgado","","Aguardando Decisão","","","uMode/_Clientes/Cambos/00_Institucional/_demandas/D-2025-018.md"
"D-2025-019","cambos","UMD-194","Playbook da regra de negocio e adaptação dentro da uMode","casa-cliente","14/08/2025","Concluída","Sim","CX Hub — ID: UMD-194","Operação","Operação | KA","Em Progresso","","Configuração","Laura Delgado","Laura Delgado, Andrea Holmer","","","","uMode/_Clientes/Cambos/00_Institucional/_demandas/D-2025-019.md"
"D-2025-020","cambos","UMD-208","Weekly Cambos - Ordenar os produtos tanto no Mapa quanto no Workflow","casa-cliente","29/08/2025","Concluída","Sim","CX Hub — ID: UMD-208","Operação","Produto | Inovação","Backlog","","Produto","Laura Delgado","","Aguardando Decisão","","","uMode/_Clientes/Cambos/00_Institucional/_demandas/D-2025-020.md"
"D-2025-021","cambos","UMD-354","Erro ao criar produto pelo MIX","casa-cliente","05/09/2025","Concluída","Sim","CX Hub — ID: UMD-354","Tech","Suporte Tech","Concluído","","Bug","Laura Delgado","Laura Delgado, Andrea Holmer","Outra — valor legado do Notion: ""Aguardando Recurso Especial""","","","uMode/_Clientes/Cambos/00_Institucional/_demandas/D-2025-021.md"
"D-2025-022","cambos","UMD-367","Fornecedor Automático - Trazer com Status Piloto","casa-cliente","05/09/2025","Concluída","Sim","CX Hub — ID: UMD-367","Operação","Sem Área","Concluído","Média","Configuração","Laura Delgado","Laura Delgado","","","","uMode/_Clientes/Cambos/00_Institucional/_demandas/D-2025-022.md"
"D-2025-023","cambos","UMD-353","Erro de Impressão na aprovação/Produto","casa-cliente","05/09/2025","Concluída","Sim","CX Hub — ID: UMD-353","Operação","Sem Área","Concluído","","Bug","Laura Delgado","Laura Delgado, Andrea Holmer","","","","uMode/_Clientes/Cambos/00_Institucional/_demandas/D-2025-023.md"
"D-2025-024","cambos","UMD-431","Exclusão de Variantes","casa-cliente","16/09/2025","Concluída","Sim","CX Hub — ID: UMD-431","Operação","Sem Área","Concluído","","Suporte","Pedro Murillo","Laura Delgado","","","","uMode/_Clientes/Cambos/00_Institucional/_demandas/D-2025-024.md"
"D-2025-025","cambos","UMD-423","Ação com o WorkFlow","casa-cliente","16/09/2025","Concluída","Sim","CX Hub — ID: UMD-423","","","Backlog","","Configuração","Laura Delgado","","","","","uMode/_Clientes/Cambos/00_Institucional/_demandas/D-2025-025.md"
"D-2025-026","cambos","UMD-455","Desejo de buscar na lupa pelo Ref. Cliente","casa-cliente","19/09/2025","Concluída","Sim","CX Hub — ID: UMD-455","Operação","Produto | Inovação","Backlog","","Produto","Laura Delgado","Laura Delgado, Andrea Holmer","Aguardando Decisão","","","uMode/_Clientes/Cambos/00_Institucional/_demandas/D-2025-026.md"
"D-2025-027","cambos","UMD-530","Criar Aba Comercial","casa-cliente","23/09/2025","Concluída","Sim","CX Hub — ID: UMD-530","Operação","Operação | KA","Concluído","","Configuração","Laura Delgado","Laura Delgado, Andrea Holmer","","","","uMode/_Clientes/Cambos/00_Institucional/_demandas/D-2025-027.md"
"D-2025-028","cambos","UMD-529","Ajustar o Perfil Comercial Cambos","casa-cliente","23/09/2025","Concluída","Sim","CX Hub — ID: UMD-529","Operação","Sem Área","Concluído","","Configuração","Laura Delgado","Laura Delgado, Andrea Holmer, Williem Berg Oliveira","","","","uMode/_Clientes/Cambos/00_Institucional/_demandas/D-2025-028.md"
"D-2025-029","cambos","UMD-678","Erro ao gerar o código da Umode para o Spi","casa-cliente","15/10/2025","Concluída","Sim","CX Hub — ID: UMD-678","Operação","Operação | KA","Concluído","Alta","Bug","Andrea Holmer","Laura Delgado, Andrea Holmer","","","","uMode/_Clientes/Cambos/00_Institucional/_demandas/D-2025-029.md"
"D-2025-030","cambos","UMD-724","Ajuste Perfil e Permissionamento - Time Comercial","casa-cliente","28/10/2025","Concluída","Sim","CX Hub — ID: UMD-724","Operação","Sem Área","Concluído","","Configuração","Laura Delgado","Laura Delgado, Andrea Holmer","","","","uMode/_Clientes/Cambos/00_Institucional/_demandas/D-2025-030.md"
"D-2025-031","cambos","UMD-810","E-mail de notificação de tarefa Duplicado","casa-cliente","14/11/2025","Concluída","Sim","CX Hub — ID: UMD-810","Operação","Sem Área","Concluído","","Bug","Laura Delgado","Laura Delgado, Andrea Holmer","","","","uMode/_Clientes/Cambos/00_Institucional/_demandas/D-2025-031.md"
"D-2025-032","cambos","UMD-809","Ajustar o Campo Detalhe - Está vindo preenchido (BUG)","casa-cliente","17/11/2025","Concluída","Sim","CX Hub — ID: UMD-809","Operação","Sem Área","Concluído","","Bug","Laura Delgado","Laura Delgado, Andrea Holmer","","","","uMode/_Clientes/Cambos/00_Institucional/_demandas/D-2025-032.md"
"D-2025-033","cambos","UMD-812","Ajuste no Perfil Comercial","casa-cliente","18/11/2025","Concluída","Sim","CX Hub — ID: UMD-812","Operação","Sem Área","Concluído","","Configuração","Laura Delgado","Laura Delgado, Andrea Holmer","","","","uMode/_Clientes/Cambos/00_Institucional/_demandas/D-2025-033.md"
"D-2025-034","cambos","UMD-811","Ajustes conforme agenda de dúvidas do Comercial","casa-cliente","18/11/2025","Concluída","Sim","CX Hub — ID: UMD-811","Operação","Operação | KA","Concluído","","Configuração","Laura Delgado","Laura Delgado, Andrea Holmer","","","","uMode/_Clientes/Cambos/00_Institucional/_demandas/D-2025-034.md"
"D-2025-035","cambos","UMD-856","Erro no preenchimento da Aprovação","casa-cliente","28/11/2025","Concluída","Sim","CX Hub — ID: UMD-856","Operação","Sem Área","Concluído","","Bug","Laura Delgado","Laura Delgado, Andrea Holmer","","","","uMode/_Clientes/Cambos/00_Institucional/_demandas/D-2025-035.md"
"D-2025-036","cambos","UMD-858","Card duplicado no WF","casa-cliente","02/12/2025","Concluída","Sim","CX Hub — ID: UMD-858","Operação","Sem Área","Concluído","","Bug","Andrea Holmer","Laura Delgado, Andrea Holmer","","","","uMode/_Clientes/Cambos/00_Institucional/_demandas/D-2025-036.md"
"D-2026-001","cambos","UMD-896","Regras + Possível importação dos produtos originais","casa-cliente","05/01/2026","Concluída","Sim","CX Hub — ID: UMD-896","Operação","Operação | KA","Concluído","","Configuração","Laura Delgado","Laura Delgado, Andrea Holmer","","","","uMode/_Clientes/Cambos/00_Institucional/_demandas/D-2026-001.md"
"D-2026-002","cambos","UMD-44","Definir perfil de usuario","casa-cliente","12/01/2026","Concluída","Sim","CX Hub — ID: UMD-44","Operação","Operação | KA","Concluído","","Configuração","Marina Santoro","Laura Delgado, Andrea Holmer","","","","uMode/_Clientes/Cambos/00_Institucional/_demandas/D-2026-002.md"
"D-2026-003","cambos","UMD-1003","Informação digitada no campo Obs. está apagando","casa-cliente","23/02/2026","Concluída","Sim","CX Hub — ID: UMD-1003","Operação","Sem Área","Concluído","","Configuração","Andrea Holmer","Laura Delgado, Andrea Holmer","","","","uMode/_Clientes/Cambos/00_Institucional/_demandas/D-2026-003.md"
"D-2026-004","cambos","UMD-1069","Erro ao Anexar Vídeo","casa-cliente","09/03/2026","Concluída","Sim","CX Hub — ID: UMD-1069","Operação","Sem Área","Concluído","","Bug","Andrea Holmer","Laura Delgado, Andrea Holmer","","","","uMode/_Clientes/Cambos/00_Institucional/_demandas/D-2026-004.md"
"D-2026-005","cambos","UMD-1066","Erro ao Criar Etapa no WF","casa-cliente","09/03/2026","Concluída","Sim","CX Hub — ID: UMD-1066","Operação","Sem Área","Concluído","","Configuração","Andrea Holmer","Laura Delgado, Andrea Holmer","","","","uMode/_Clientes/Cambos/00_Institucional/_demandas/D-2026-005.md"
"D-2026-006","cambos","UMD-1094","Ajuste de ordem de campo na ficha","casa-cliente","13/03/2026","Concluída","Sim","CX Hub — ID: UMD-1094","Operação","Operação | KA","Concluído","","Suporte","Laura Delgado","Laura Delgado, Andrea Holmer","","","","uMode/_Clientes/Cambos/00_Institucional/_demandas/D-2026-006.md"
"D-2026-007","cambos","UMD-1095","Excluir produtos que estão sem “Modelagem” vinculadas.","casa-cliente","16/03/2026","Concluída","Sim","CX Hub — ID: UMD-1095","Operação","Sem Área","Concluído","","Configuração","Laura Delgado","Laura Delgado, Andrea Holmer","","","","uMode/_Clientes/Cambos/00_Institucional/_demandas/D-2026-007.md"
"D-2026-008","cambos","UMD-1116","Liberar edição campos - Comercial e PCP/Compras","casa-cliente","20/03/2026","Concluída","Sim","CX Hub — ID: UMD-1116","Operação","Sem Área","Concluído","","Configuração","Andrea Holmer","Laura Delgado, Andrea Holmer","","","","uMode/_Clientes/Cambos/00_Institucional/_demandas/D-2026-008.md"
"D-2026-009","cambos","UMD-1175","Descrição do produto não seguiu a concatenação.","casa-cliente","09/04/2026","Concluída","Sim","CX Hub — ID: UMD-1175","Operação","Sem Área","Concluído","","Suporte","Laura Delgado","Laura Delgado, Andrea Holmer","","","","uMode/_Clientes/Cambos/00_Institucional/_demandas/D-2026-009.md"
"D-2026-010","cambos","UMD-1171","Materiais que não integraram","casa-cliente","09/04/2026","Concluída","Sim","CX Hub — ID: UMD-1171","Tech","Suporte Tech","Concluído","","Integração","Laura Delgado","Laura Delgado, Andrea Holmer","","","","uMode/_Clientes/Cambos/00_Institucional/_demandas/D-2026-010.md"
"D-2026-011","cambos","UMD-1257","Exclusão do Botão “Forçar Integração”","casa-cliente","13/04/2026","Concluída","Sim","CX Hub — ID: UMD-1257","","","Aguardando Validação","","Configuração","Laura Delgado","","","","","uMode/_Clientes/Cambos/00_Institucional/_demandas/D-2026-011.md"
"D-2026-001","colmeia","UMD-899","Deletar todas as tags","casa-cliente","06/01/2026","Concluída","Sim","CX Hub — ID: UMD-899","","","Backlog","","Melhoria","Ana Paula Ramos","","","","","uMode/_Clientes/Colmeia/00_Institucional/_demandas/D-2026-001.md"
"D-2023-001","dro","UMD-447","Extras","casa-cliente","01/06/2023","Concluída","Sim","CX Hub — ID: UMD-447","","","Cancelado","","","Luciano Troiani","","","","","uMode/_Clientes/DRO/00_Institucional/_demandas/D-2023-001.md"
"D-2025-001","dro","UMD-88","Reunião de Alinhamento de Conta: Agenda de Tarefas por fase do Workflow com dia, semana…","casa-cliente","16/04/2025","Concluída","Sim","CX Hub — ID: UMD-88","","","Cancelado","","Melhoria","Laura Delgado","Laura Delgado","","","","uMode/_Clientes/DRO/00_Institucional/_demandas/D-2025-001.md"
"D-2025-002","dro","UMD-89","Reunião de Alinhamento de Conta: Tarefas por Login e após conclusão manter linkada no p…","casa-cliente","16/04/2025","Concluída","Sim","CX Hub — ID: UMD-89","","","Cancelado","","Melhoria","Laura Delgado","Laura Delgado","","","","uMode/_Clientes/DRO/00_Institucional/_demandas/D-2025-002.md"
"D-2025-003","dro","UMD-84","Reunião de Alinhamento de Conta: Controle de Datas e Planejamento.","casa-cliente","16/04/2025","Concluída","Sim","CX Hub — ID: UMD-84","","","Cancelado","","Melhoria","Laura Delgado","Laura Delgado","","","","uMode/_Clientes/DRO/00_Institucional/_demandas/D-2025-003.md"
"D-2025-004","dro","UMD-85","Nova Ficha Técnica (Modelo V2)","casa-cliente","16/04/2025","Concluída","Sim","CX Hub — ID: UMD-85","","","Concluído","","Configuração","Laura Delgado","Laura Delgado","","","","uMode/_Clientes/DRO/00_Institucional/_demandas/D-2025-004.md"
"D-2025-005","dro","UMD-92","Reunião de Alinhamento de Conta: Compra de M.P. - Cópia de Materiais com Check List e o…","casa-cliente","16/04/2025","Concluída","Sim","CX Hub — ID: UMD-92","","","Cancelado","","Melhoria","Laura Delgado","Laura Delgado","","","","uMode/_Clientes/DRO/00_Institucional/_demandas/D-2025-005.md"
"D-2025-006","dro","UMD-93","Reunião de Alinhamento de Conta: Automações das Datas com a evolução do Kanban + Espaço…","casa-cliente","16/04/2025","Concluída","Sim","CX Hub — ID: UMD-93","","","Cancelado","","Configuração","Laura Delgado","Laura Delgado","","","","uMode/_Clientes/DRO/00_Institucional/_demandas/D-2025-006.md"
"D-2025-007","dro","UMD-90","Reunião de Alinhamento de Conta: Pontos de Melhorias para o futuro - Marcar papo mais p…","casa-cliente","16/04/2025","Concluída","Sim","CX Hub — ID: UMD-90","","","Cancelado","","Melhoria","Laura Delgado","Laura Delgado","","","","uMode/_Clientes/DRO/00_Institucional/_demandas/D-2025-007.md"
"D-2025-008","dro","UMD-91","Reunião de Alinhamento de Conta: Cards coloridos por Status e uma cor diferente para mo…","casa-cliente","16/04/2025","Concluída","Sim","CX Hub — ID: UMD-91","","","Cancelado","","Melhoria","Laura Delgado","Laura Delgado","","","","uMode/_Clientes/DRO/00_Institucional/_demandas/D-2025-008.md"
"D-2025-009","dro","UMD-78","Reunião de Alinhamento de Conta: Aba Comercial - Puxar automaticamente (Erro no calculo…","casa-cliente","16/04/2025","Concluída","Sim","CX Hub — ID: UMD-78","","","Cancelado","","Melhoria","Laura Delgado","Laura Delgado","","","","uMode/_Clientes/DRO/00_Institucional/_demandas/D-2025-009.md"
"D-2025-010","dro","UMD-79","Reunião de Alinhamento de Conta: Aba Materiais & Serviços - Calculo do preço (Duplicida…","casa-cliente","16/04/2025","Concluída","Sim","CX Hub — ID: UMD-79","","","Cancelado","","Melhoria","Laura Delgado","Laura Delgado","","","","uMode/_Clientes/DRO/00_Institucional/_demandas/D-2025-010.md"
"D-2025-011","dro","UMD-76","Reunião de Alinhamento de Conta: Tamanho Piloto - Formato de Lista (Puxar da Grade)","casa-cliente","16/04/2025","Concluída","Sim","CX Hub — ID: UMD-76","","","Cancelado","","Melhoria","Laura Delgado","Laura Delgado","","","","uMode/_Clientes/DRO/00_Institucional/_demandas/D-2025-011.md"
"D-2025-012","dro","UMD-77","Reunião de Alinhamento de Conta: Composições + NCM (Preenchimento automático + Guia por…","casa-cliente","16/04/2025","Concluída","Sim","CX Hub — ID: UMD-77","","","Cancelado","","Melhoria","Laura Delgado","Laura Delgado","","","","uMode/_Clientes/DRO/00_Institucional/_demandas/D-2025-012.md"
"D-2025-013","dro","UMD-82","Reunião de Alinhamento de Conta: Impressão de Ficha Resumida","casa-cliente","16/04/2025","Concluída","Sim","CX Hub — ID: UMD-82","","","Cancelado","","Melhoria","Laura Delgado","Laura Delgado","","","","uMode/_Clientes/DRO/00_Institucional/_demandas/D-2025-013.md"
"D-2025-014","dro","UMD-83","Reunião de Alinhamento de Conta: Impressão de Cartão para Piloto","casa-cliente","16/04/2025","Concluída","Sim","CX Hub — ID: UMD-83","","","Cancelado","","Melhoria","Laura Delgado","Laura Delgado","","","","uMode/_Clientes/DRO/00_Institucional/_demandas/D-2025-014.md"
"D-2025-015","dro","UMD-80","Reunião de Alinhamento de Conta: Comentários por Modelista e Pilotagem separados, porém…","casa-cliente","16/04/2025","Concluída","Sim","CX Hub — ID: UMD-80","","","Cancelado","","Melhoria","Laura Delgado","Laura Delgado","","","","uMode/_Clientes/DRO/00_Institucional/_demandas/D-2025-015.md"
"D-2025-016","dro","UMD-81","Reunião de Alinhamento de Conta: Tabela de Medidas","casa-cliente","16/04/2025","Concluída","Sim","CX Hub — ID: UMD-81","","","Concluído","","Configuração","Laura Delgado","Laura Delgado","","","","uMode/_Clientes/DRO/00_Institucional/_demandas/D-2025-016.md"
"D-2025-017","dro","UMD-94","Chamado Gist: Relatório de Aprovações","casa-cliente","28/04/2025","Concluída","Sim","CX Hub — ID: UMD-94","","","Cancelado","","Relatório","Laura Delgado","Laura Delgado","","","","uMode/_Clientes/DRO/00_Institucional/_demandas/D-2025-017.md"
"D-2025-018","dro","UMD-168","Relatório de movimentação de Produtos","casa-cliente","16/05/2025","Concluída","Sim","CX Hub — ID: UMD-168","","","Cancelado","","Relatório","Laura Delgado","","","","","uMode/_Clientes/DRO/00_Institucional/_demandas/D-2025-018.md"
"D-2025-019","dro","UMD-183","Integração Fornecedor Matylas","casa-cliente","10/06/2025","Concluída","Sim","CX Hub — ID: UMD-183","Operação","Sem Área","Concluído","","Configuração","Laura Delgado","","","","","uMode/_Clientes/DRO/00_Institucional/_demandas/D-2025-019.md"
"D-2025-020","dro","UMD-310","Virada de Ficha Técnica já com integração Matylas","casa-cliente","02/09/2025","Concluída","Sim","CX Hub — ID: UMD-310","Operação","Sem Área","Concluído","","Configuração","Laura Delgado","Laura Delgado, Andrea Holmer","","","","uMode/_Clientes/DRO/00_Institucional/_demandas/D-2025-020.md"
"D-2025-021","dro","UMD-817","Inativar usuários da conta","casa-cliente","18/11/2025","Concluída","Sim","CX Hub — ID: UMD-817","Operação","Operação | KA","Concluído","","Configuração","Laura Delgado","Laura Delgado, Andrea Holmer","","","","uMode/_Clientes/DRO/00_Institucional/_demandas/D-2025-021.md"
"D-2025-022","dro","UMD-816","Ajustar o usuário da Thais","casa-cliente","18/11/2025","Concluída","Sim","CX Hub — ID: UMD-816","Operação","Sem Área","Concluído","","Configuração","Laura Delgado","Laura Delgado, Andrea Holmer","","","","uMode/_Clientes/DRO/00_Institucional/_demandas/D-2025-022.md"
"D-2025-023","dro","UMD-815","Extrair os dados e Fichas da Conta","casa-cliente","18/11/2025","Concluída","Sim","CX Hub — ID: UMD-815","Tech","Suporte Tech","A fazer","","Relatório","Laura Delgado","Laura Delgado, Andrea Holmer","","","","uMode/_Clientes/DRO/00_Institucional/_demandas/D-2025-023.md"
"D-2025-001","highstil","UMD-192","Ficha de Impressão da Malharia","casa-cliente","13/08/2025","Concluída","Sim","CX Hub — ID: UMD-192","Operação","Operação | KA","Aguardando Validação","","Configuração","Laura Delgado","","","","","uMode/_Clientes/Highstil/00_Institucional/_demandas/D-2025-001.md"
"D-2025-002","highstil","UMD-634","Cadastrar Aviamentos na conta da HS","casa-cliente","06/10/2025","Concluída","Sim","CX Hub — ID: UMD-634","Operação","Sem Área","Concluído","","Configuração","Andrea Holmer","Andrea Holmer, Laura Delgado","","","","uMode/_Clientes/Highstil/00_Institucional/_demandas/D-2025-002.md"
"D-2025-003","highstil","UMD-645","Pontos de Dúvidas/Mudanças - Angélica","casa-cliente","07/10/2025","Concluída","Sim","CX Hub — ID: UMD-645","Operação","Operação | KA","Concluído","","Configuração","Laura Delgado","Laura Delgado, Andrea Holmer","","","","uMode/_Clientes/Highstil/00_Institucional/_demandas/D-2025-003.md"
"D-2025-004","highstil","UMD-752","Definir regra para o campo Padronagem","casa-cliente","31/10/2025","Concluída","Sim","CX Hub — ID: UMD-752","Operação","Sem Área","Backlog","","Configuração","Laura Delgado","Laura Delgado, Andrea Holmer","","","","uMode/_Clientes/Highstil/00_Institucional/_demandas/D-2025-004.md"
"D-2025-005","highstil","UMD-798","Configs do e-mail 07/11 - Angelica e Ari","casa-cliente","07/11/2025","Concluída","Sim","CX Hub — ID: UMD-798","Operação","Operação | KA","Concluído","","Configuração","Laura Delgado","","","","","uMode/_Clientes/Highstil/00_Institucional/_demandas/D-2025-005.md"
"D-2025-006","highstil","UMD-799","Concatenar Campos de acordo com a Classificação","casa-cliente","11/11/2025","Concluída","Sim","CX Hub — ID: UMD-799","Operação","Sem Área","Em Revisão","","Configuração","Laura Delgado","Laura Delgado, Andrea Holmer","Aguardando Cliente","","","uMode/_Clientes/Highstil/00_Institucional/_demandas/D-2025-006.md"
"D-2025-007","highstil","UMD-819","Ajuste da Regra de Variante do Produto","casa-cliente","14/11/2025","Concluída","Sim","CX Hub — ID: UMD-819","Operação","Sem Área","Concluído","","Configuração","Laura Delgado","Laura Delgado, Andrea Holmer","","","","uMode/_Clientes/Highstil/00_Institucional/_demandas/D-2025-007.md"
"D-2025-008","highstil","UMD-751","Concatenar os campos para criar Descrição do Produto","casa-cliente","14/11/2025","Concluída","Sim","CX Hub — ID: UMD-751","Operação","Sem Área","Aguardando Validação","","Configuração","Laura Delgado","Laura Delgado, Andrea Holmer","","","","uMode/_Clientes/Highstil/00_Institucional/_demandas/D-2025-008.md"
"D-2025-009","highstil","UMD-825","Importar Pacote de Materiais","casa-cliente","19/11/2025","Concluída","Sim","CX Hub — ID: UMD-825","Operação","Operação | KA","Em Progresso","","Configuração","Laura Delgado","Laura Delgado, Andrea Holmer","","","","uMode/_Clientes/Highstil/00_Institucional/_demandas/D-2025-009.md"
"D-2025-010","highstil","UMD-847","Liberar Aba de Aprovação","casa-cliente","28/11/2025","Concluída","Sim","CX Hub — ID: UMD-847","Operação","Operação | KA","Concluído","","Configuração","Laura Delgado","Laura Delgado, Andrea Holmer","","","","uMode/_Clientes/Highstil/00_Institucional/_demandas/D-2025-010.md"
"D-2026-001","highstil","UMD-878","Criar Itens de Aprovação","casa-cliente","14/01/2026","Concluída","Sim","CX Hub — ID: UMD-878","Operação","Operação | KA","Concluído","","Configuração","Laura Delgado","Laura Delgado, Andrea Holmer","","","","uMode/_Clientes/Highstil/00_Institucional/_demandas/D-2026-001.md"
"D-2026-002","highstil","UMD-959","Definir Validações / Campos obrigatórios para integração","casa-cliente","29/01/2026","Concluída","Sim","CX Hub — ID: UMD-959","Tech","Suporte Tech","Cancelado","","Integração","Laura Delgado","Laura Delgado, Andrea Holmer","","","","uMode/_Clientes/Highstil/00_Institucional/_demandas/D-2026-002.md"
"D-2026-003","highstil","UMD-972","Grade de Tamanho","casa-cliente","05/02/2026","Concluída","Sim","CX Hub — ID: UMD-972","","","Backlog","","Configuração","Laura Delgado","Laura Delgado, Andrea Holmer","","","","uMode/_Clientes/Highstil/00_Institucional/_demandas/D-2026-003.md"
"D-2026-004","highstil","UMD-1006","Solicitações de Mudanças e Travas no Empenho","casa-cliente","24/02/2026","Concluída","Sim","CX Hub — ID: UMD-1006","Operação","Sem Área","Backlog","","Configuração","Laura Delgado","Laura Delgado, Andrea Holmer","","","","uMode/_Clientes/Highstil/00_Institucional/_demandas/D-2026-004.md"
"D-2025-001","lenny-niemeyer","UMD-170","Ajustes do Treinamento Key Users Go Light","casa-cliente","21/07/2025","Concluída","Sim","CX Hub — ID: UMD-170","","","Concluído","","Configuração","Marina Santoro","","","","","uMode/_Clientes/Lenny Niemeyer/00_Institucional/_demandas/D-2025-001.md"
"D-2025-002","lenny-niemeyer","UMD-162","Criar campo na ficha com valor padrão para integração","casa-cliente","22/07/2025","Concluída","Sim","CX Hub — ID: UMD-162","Operação","Sem Área","Concluído","","Configuração","Marina Santoro","","","","","uMode/_Clientes/Lenny Niemeyer/00_Institucional/_demandas/D-2025-002.md"
"D-2025-003","lenny-niemeyer","UMD-164","Ajustes campos com ID para integração","casa-cliente","22/07/2025","Concluída","Sim","CX Hub — ID: UMD-164","Tech","Suporte Tech","Concluído","","Configuração","Marina Santoro","","","","","uMode/_Clientes/Lenny Niemeyer/00_Institucional/_demandas/D-2025-003.md"
"D-2025-004","lenny-niemeyer","UMD-163","Criar campo na ficha para integração","casa-cliente","22/07/2025","Concluída","Sim","CX Hub — ID: UMD-163","Tech","Suporte Tech","Concluído","","Configuração","Marina Santoro","","","","","uMode/_Clientes/Lenny Niemeyer/00_Institucional/_demandas/D-2025-004.md"
"D-2025-005","lenny-niemeyer","UMD-171","Ajustes de campos para integração","casa-cliente","23/07/2025","Concluída","Sim","CX Hub — ID: UMD-171","Operação","Sem Área","Cancelado","","Integração","Marina Santoro","","","","","uMode/_Clientes/Lenny Niemeyer/00_Institucional/_demandas/D-2025-005.md"
"D-2025-006","lenny-niemeyer","UMD-173","Atualizar lista de GRUPO, SUBGRUPO e LINHA (Go Light)","casa-cliente","24/07/2025","Concluída","Sim","CX Hub — ID: UMD-173","","","Concluído","","Suporte","Marina Santoro","","","","","uMode/_Clientes/Lenny Niemeyer/00_Institucional/_demandas/D-2025-006.md"
"D-2025-007","lenny-niemeyer","UMD-172","Criar tabela de medidas base (Go Light)","casa-cliente","24/07/2025","Concluída","Sim","CX Hub — ID: UMD-172","","","Concluído","","Configuração","Marina Santoro","","","","","uMode/_Clientes/Lenny Niemeyer/00_Institucional/_demandas/D-2025-007.md"
"D-2025-008","lenny-niemeyer","UMD-351","Empenhar um aviamento mais de uma vez com variação de cor e tamanho","casa-cliente","18/08/2025","Concluída","Sim","CX Hub — ID: UMD-351","Operação","Sem Área","Concluído","","Melhoria","Julianne Rodrigues","Julianne Rodrigues","","","","uMode/_Clientes/Lenny Niemeyer/00_Institucional/_demandas/D-2025-008.md"
"D-2025-009","lenny-niemeyer","UMD-352","Integrar os pacotes de materiais","casa-cliente","18/08/2025","Concluída","Sim","CX Hub — ID: UMD-352","Operação","Sem Área","Cancelado","","Configuração","Julianne Rodrigues","","","","","uMode/_Clientes/Lenny Niemeyer/00_Institucional/_demandas/D-2025-009.md"
"D-2025-010","lenny-niemeyer","UMD-202","Cria um novo campo Faixa de preços que é utilizado pelo planejamento ara determinar a f…","casa-cliente","22/08/2025","Concluída","Sim","CX Hub — ID: UMD-202","Operação","Sem Área","Concluído","","Configuração","Julianne Rodrigues","","","","","uMode/_Clientes/Lenny Niemeyer/00_Institucional/_demandas/D-2025-010.md"
"D-2025-011","lenny-niemeyer","UMD-350","Movimentar cards no mapa de coleção","casa-cliente","05/09/2025","Concluída","Sim","CX Hub — ID: UMD-350","Operação","Sem Área","Concluído","","Configuração","Julianne Rodrigues","","","","","uMode/_Clientes/Lenny Niemeyer/00_Institucional/_demandas/D-2025-011.md"
"D-2025-012","lenny-niemeyer","UMD-395","Criar product type e do template que atenderá Estampas, Lisos e Aviamentos","casa-cliente","11/09/2025","Concluída","Sim","CX Hub — ID: UMD-395","Operação","Sem Área","Concluído","","Configuração","Julianne Rodrigues","","","","","uMode/_Clientes/Lenny Niemeyer/00_Institucional/_demandas/D-2025-012.md"
"D-2025-013","lenny-niemeyer","UMD-394","Validação da estrutura de registro de Pilotos e Provas","casa-cliente","11/09/2025","Concluída","Sim","CX Hub — ID: UMD-394","Operação","Sem Área","Concluído","","Configuração","Julianne Rodrigues","Julianne Rodrigues, Pedro Murillo","","","","uMode/_Clientes/Lenny Niemeyer/00_Institucional/_demandas/D-2025-013.md"
"D-2025-014","lenny-niemeyer","UMD-445","Criar e cadastrar pacotes de materiais","casa-cliente","17/09/2025","Concluída","Sim","CX Hub — ID: UMD-445","Operação","Sem Área","Concluído","","Configuração","Julianne Rodrigues","Pedro Murillo, Julianne Rodrigues, Williem Berg Oliveira","","","","uMode/_Clientes/Lenny Niemeyer/00_Institucional/_demandas/D-2025-014.md"
"D-2025-015","lenny-niemeyer","UMD-547","Criar campo de lacre (aguardando retorno da pergunta 3)","casa-cliente","29/09/2025","Concluída","Sim","CX Hub — ID: UMD-547","Operação","Sem Área","Concluído","","Configuração","Julianne Rodrigues","","","","","uMode/_Clientes/Lenny Niemeyer/00_Institucional/_demandas/D-2025-015.md"
"D-2025-016","lenny-niemeyer","UMD-546","Criar campos de datas (aguardando retorno da pergunta 2)","casa-cliente","29/09/2025","Concluída","Sim","CX Hub — ID: UMD-546","Operação","Sem Área","Concluído","","Configuração","Julianne Rodrigues","","","","","uMode/_Clientes/Lenny Niemeyer/00_Institucional/_demandas/D-2025-016.md"
"D-2025-017","lenny-niemeyer","UMD-544","Criar aprovações: rapport, cor, piloto, piloto modelagem, piloto localização, piloto mo…","casa-cliente","29/09/2025","Concluída","Sim","CX Hub — ID: UMD-544","Operação","Sem Área","Concluído","","Configuração","Julianne Rodrigues","Julianne Rodrigues","","","","uMode/_Clientes/Lenny Niemeyer/00_Institucional/_demandas/D-2025-017.md"
"D-2025-018","lenny-niemeyer","UMD-553","Ocultar “criar estampa” da conta","casa-cliente","30/09/2025","Concluída","Sim","CX Hub — ID: UMD-553","Operação","Sem Área","Concluído","","Suporte","Julianne Rodrigues","Julianne Rodrigues, Pedro Murillo","","","","uMode/_Clientes/Lenny Niemeyer/00_Institucional/_demandas/D-2025-018.md"
"D-2025-019","lenny-niemeyer","UMD-552","Ajustar Ficha de Cor e MP","casa-cliente","30/09/2025","Concluída","Sim","CX Hub — ID: UMD-552","","","Concluído","","Configuração","Vanessa Rinaldi","","","","","uMode/_Clientes/Lenny Niemeyer/00_Institucional/_demandas/D-2025-019.md"
"D-2025-020","lenny-niemeyer","UMD-570","Criar um template de impressão “Ficha técnica” piloto","casa-cliente","02/10/2025","Concluída","Sim","CX Hub — ID: UMD-570","Operação","Sem Área","Concluído","","Configuração","Julianne Rodrigues","Julianne Rodrigues, Pedro Murillo","","","","uMode/_Clientes/Lenny Niemeyer/00_Institucional/_demandas/D-2025-020.md"
"D-2025-021","lenny-niemeyer","UMD-723","Visualização de campos de aprovação de ESTAMPAS","casa-cliente","03/10/2025","Concluída","Sim","CX Hub — ID: UMD-723","","","Concluído","","Configuração","Julianne Rodrigues","Julianne Rodrigues","","","","uMode/_Clientes/Lenny Niemeyer/00_Institucional/_demandas/D-2025-021.md"
"D-2025-022","lenny-niemeyer","UMD-643","Configurar aba de Comentários de Prova conforme desenho","casa-cliente","07/10/2025","Concluída","Sim","CX Hub — ID: UMD-643","Operação","Sem Área","Concluído","","Configuração","Vanessa Rinaldi","","","","","uMode/_Clientes/Lenny Niemeyer/00_Institucional/_demandas/D-2025-022.md"
"D-2025-023","lenny-niemeyer","UMD-661","Conferir as listas dos campos e hierarquias x admim","casa-cliente","13/10/2025","Concluída","Sim","CX Hub — ID: UMD-661","Operação","Sem Área","Concluído","","Integração","Julianne Rodrigues","","","","","uMode/_Clientes/Lenny Niemeyer/00_Institucional/_demandas/D-2025-023.md"
"D-2025-024","lenny-niemeyer","UMD-664","Ao empenhar pacotes, aparecem duplicados na lista de empenho","casa-cliente","14/10/2025","Concluída","Sim","CX Hub — ID: UMD-664","","","Concluído","","Suporte","Julianne Rodrigues","","","","","uMode/_Clientes/Lenny Niemeyer/00_Institucional/_demandas/D-2025-024.md"
"D-2025-025","lenny-niemeyer","UMD-669","Ajustar backend empenho para integrar ficha técnica","casa-cliente","15/10/2025","Concluída","Sim","CX Hub — ID: UMD-669","Operação","Sem Área","Concluído","","Integração","Marina Santoro","Marina Santoro","","","","uMode/_Clientes/Lenny Niemeyer/00_Institucional/_demandas/D-2025-025.md"
"D-2025-026","lenny-niemeyer","UMD-667","Ficha e aba aprovações estampa CORRIDA","casa-cliente","15/10/2025","Concluída","Sim","CX Hub — ID: UMD-667","Operação","Sem Área","Concluído","Alta","Configuração","Julianne Rodrigues","","","","","uMode/_Clientes/Lenny Niemeyer/00_Institucional/_demandas/D-2025-026.md"
"D-2025-027","lenny-niemeyer","UMD-729","Adicionar campo custom ‘PREÇO FECHADO’","casa-cliente","16/10/2025","Concluída","Sim","CX Hub — ID: UMD-729","","","Concluído","","Configuração","Pedro Murillo","Pedro Murillo, Julianne Rodrigues","","","","uMode/_Clientes/Lenny Niemeyer/00_Institucional/_demandas/D-2025-027.md"
"D-2025-028","lenny-niemeyer","UMD-722","Aprovações e organização da estampa LOCALIZADA","casa-cliente","16/10/2025","Concluída","Sim","CX Hub — ID: UMD-722","Operação","Operação | KA","Concluído","","Configuração","Julianne Rodrigues","","","","","uMode/_Clientes/Lenny Niemeyer/00_Institucional/_demandas/D-2025-028.md"
"D-2025-029","lenny-niemeyer","UMD-733","Alterar status quando duplicar um produto","casa-cliente","16/10/2025","Concluída","Sim","CX Hub — ID: UMD-733","Operação","Sem Área","Concluído","","Configuração","Pedro Murillo","Pedro Murillo, Julianne Rodrigues","","","","uMode/_Clientes/Lenny Niemeyer/00_Institucional/_demandas/D-2025-029.md"
"D-2025-030","lenny-niemeyer","UMD-732","Tirar botão “excluir” para todos os perfis","casa-cliente","16/10/2025","Concluída","Sim","CX Hub — ID: UMD-732","","","Concluído","","Configuração","Pedro Murillo","Pedro Murillo, Julianne Rodrigues","","","","uMode/_Clientes/Lenny Niemeyer/00_Institucional/_demandas/D-2025-030.md"
"D-2025-031","lenny-niemeyer","UMD-730","Criar uma categoria de imagem","casa-cliente","16/10/2025","Concluída","Sim","CX Hub — ID: UMD-730","","","Concluído","","Configuração","Pedro Murillo","Pedro Murillo, Julianne Rodrigues","","","","uMode/_Clientes/Lenny Niemeyer/00_Institucional/_demandas/D-2025-031.md"
"D-2025-032","lenny-niemeyer","UMD-703","Botão pra salvar tabela original só quem for autorizada (tirar a permissão pra todo mundo)","casa-cliente","17/10/2025","Concluída","Sim","CX Hub — ID: UMD-703","Operação","Produto | Inovação","Concluído","","Melhoria","Julianne Rodrigues","Julianne Rodrigues","","","","uMode/_Clientes/Lenny Niemeyer/00_Institucional/_demandas/D-2025-032.md"
"D-2025-033","lenny-niemeyer","UMD-688","Ações campos de integração","casa-cliente","17/10/2025","Concluída","Sim","CX Hub — ID: UMD-688","Operação","Sem Área","Concluído","","Integração","Marina Santoro","Marina Santoro","","","","uMode/_Clientes/Lenny Niemeyer/00_Institucional/_demandas/D-2025-033.md"
"D-2025-034","lenny-niemeyer","UMD-719","Criar aba e campo de modelagem","casa-cliente","20/10/2025","Concluída","Sim","CX Hub — ID: UMD-719","","","Concluído","","Configuração","Julianne Rodrigues","","","","","uMode/_Clientes/Lenny Niemeyer/00_Institucional/_demandas/D-2025-034.md"
"D-2025-035","lenny-niemeyer","UMD-702","Alerta quando mudar a gradação do produto","casa-cliente","20/10/2025","Concluída","Sim","CX Hub — ID: UMD-702","Operação","Sem Área","Backlog","","Configuração","Julianne Rodrigues","","Outra — valor legado do Notion: ""Aguardando momento oportuno""","","","uMode/_Clientes/Lenny Niemeyer/00_Institucional/_demandas/D-2025-035.md"
"D-2025-036","lenny-niemeyer","UMD-704","Medida do aviamento vir como cadastro do linx para inclusão na FT (empenho)","casa-cliente","20/10/2025","Concluída","Sim","CX Hub — ID: UMD-704","Operação","Sem Área","Concluído","","Suporte","Julianne Rodrigues","","","","","uMode/_Clientes/Lenny Niemeyer/00_Institucional/_demandas/D-2025-036.md"
"D-2025-037","lenny-niemeyer","UMD-705","Criar pacotes de materiais (aviamentos unitários)","casa-cliente","20/10/2025","Concluída","Sim","CX Hub — ID: UMD-705","Operação","Operação | KA","Backlog","","Configuração","Julianne Rodrigues","","Outra — valor legado do Notion: ""Aguardando momento oportuno""","","","uMode/_Clientes/Lenny Niemeyer/00_Institucional/_demandas/D-2025-037.md"
"D-2025-038","lenny-niemeyer","UMD-725","Organizar cards de forma que o usuário priorize o que deseja na 1ª linha do workflow","casa-cliente","28/10/2025","Concluída","Sim","CX Hub — ID: UMD-725","Operação","Produto | Inovação","Concluído","","Melhoria","Julianne Rodrigues","Julianne Rodrigues, Pedro Murillo","","","","uMode/_Clientes/Lenny Niemeyer/00_Institucional/_demandas/D-2025-038.md"
"D-2025-039","lenny-niemeyer","UMD-775","Reordenar abas da ficha de produto","casa-cliente","04/11/2025","Concluída","Sim","CX Hub — ID: UMD-775","Operação","Operação | KA","Concluído","Média","Configuração","Julianne Rodrigues","Julianne Rodrigues, Pedro Murillo","","","","uMode/_Clientes/Lenny Niemeyer/00_Institucional/_demandas/D-2025-039.md"
"D-2025-040","lenny-niemeyer","UMD-776","Automatizar a descrição da cor em inglês","casa-cliente","04/11/2025","Concluída","Sim","CX Hub — ID: UMD-776","Tech","Suporte Tech","Cancelado","","Integração","Julianne Rodrigues","Julianne Rodrigues, Pedro Murillo","Aguardando Cliente","RFI-2025-001","","uMode/_Clientes/Lenny Niemeyer/00_Institucional/_demandas/D-2025-040.md"
"D-2025-041","lenny-niemeyer","UMD-773","O subgrupo das Calças não está sendo preenchido automaticamente como nos tops, maiôs e…","casa-cliente","04/11/2025","Concluída","Sim","CX Hub — ID: UMD-773","Operação","Sem Área","Concluído","","Configuração","Julianne Rodrigues","","","","","uMode/_Clientes/Lenny Niemeyer/00_Institucional/_demandas/D-2025-041.md"
"D-2025-042","lenny-niemeyer","UMD-774","Automatizar o preenchimento do campo continuidade na ficha de produto","casa-cliente","04/11/2025","Concluída","Sim","CX Hub — ID: UMD-774","Operação","Sem Área","Concluído","","Suporte","Julianne Rodrigues","Julianne Rodrigues, Pedro Murillo","","","","uMode/_Clientes/Lenny Niemeyer/00_Institucional/_demandas/D-2025-042.md"
"D-2025-043","lenny-niemeyer","UMD-777","Criar template “CARTÃO DE MEDIDAS- lycra”","casa-cliente","06/11/2025","Concluída","Sim","CX Hub — ID: UMD-777","Operação","Operação | KA","Concluído","","Configuração","Julianne Rodrigues","Julianne Rodrigues, Pedro Murillo","","","","uMode/_Clientes/Lenny Niemeyer/00_Institucional/_demandas/D-2025-043.md"
"D-2025-044","lenny-niemeyer","UMD-832","Erro ao deletar materiais.","casa-cliente","21/11/2025","Concluída","Sim","CX Hub — ID: UMD-832","Operação","Sem Área","Concluído","","Bug","Ana Paula Ramos","","","","","uMode/_Clientes/Lenny Niemeyer/00_Institucional/_demandas/D-2025-044.md"
"D-2025-045","lenny-niemeyer","UMD-830","Macroplan :  pré book do estilo","casa-cliente","21/11/2025","Concluída","Sim","CX Hub — ID: UMD-830","Operação","Sem Área","Backlog","","Configuração","Julianne Rodrigues","Julianne Rodrigues","","","","uMode/_Clientes/Lenny Niemeyer/00_Institucional/_demandas/D-2025-045.md"
"D-2025-046","lenny-niemeyer","UMD-829","Configurar permissões entre perfis","casa-cliente","21/11/2025","Concluída","Sim","CX Hub — ID: UMD-829","Operação","Sem Área","Backlog","","Suporte","Julianne Rodrigues","","","","","uMode/_Clientes/Lenny Niemeyer/00_Institucional/_demandas/D-2025-046.md"
"D-2025-047","lenny-niemeyer","UMD-874","Criar campo FAMÍLIA","casa-cliente","05/12/2025","Concluída","Sim","CX Hub — ID: UMD-874","","","Concluído","","Configuração","Julianne Rodrigues","","","","","uMode/_Clientes/Lenny Niemeyer/00_Institucional/_demandas/D-2025-047.md"
"D-2025-048","lenny-niemeyer","UMD-875","Criar aba de Etiquetas nas fichas de estampas","casa-cliente","05/12/2025","Concluída","Sim","CX Hub — ID: UMD-875","Operação","Operação | KA","Concluído","","Configuração","Julianne Rodrigues","","","","","uMode/_Clientes/Lenny Niemeyer/00_Institucional/_demandas/D-2025-048.md"
"D-2025-049","lenny-niemeyer","UMD-871","Liberar o botão salvar exibições na conta da Lenny","casa-cliente","05/12/2025","Concluída","Sim","CX Hub — ID: UMD-871","","","Concluído","","Configuração","Julianne Rodrigues","","","","","uMode/_Clientes/Lenny Niemeyer/00_Institucional/_demandas/D-2025-049.md"
"D-2025-050","lenny-niemeyer","UMD-872","Ao gerar a referência do produto alterar o status para DESENVOLVIMENTO","casa-cliente","05/12/2025","Concluída","Sim","CX Hub — ID: UMD-872","","","Concluído","","Configuração","Julianne Rodrigues","","","","","uMode/_Clientes/Lenny Niemeyer/00_Institucional/_demandas/D-2025-050.md"
"D-2026-001","lenny-niemeyer","UMD-909","Erro integração campo gasto do empenho de materiais","casa-cliente","07/01/2026","Concluída","Sim","CX Hub — ID: UMD-909","Tech","Suporte Tech","Concluído","","Integração","Julianne Rodrigues","","","","","uMode/_Clientes/Lenny Niemeyer/00_Institucional/_demandas/D-2026-001.md"
"D-2026-002","lenny-niemeyer","UMD-967","Fila travada e materiais não integrados","casa-cliente","04/02/2026","Concluída","Sim","CX Hub — ID: UMD-967","Tech","Suporte Tech","Concluído","","Melhoria","Ana Paula Ramos","","","","","uMode/_Clientes/Lenny Niemeyer/00_Institucional/_demandas/D-2026-002.md"
"D-2026-003","lenny-niemeyer","UMD-966","Revisar lista campo status atual conforme a lista do Linx e travas","casa-cliente","04/02/2026","Concluída","Sim","CX Hub — ID: UMD-966","Operação","Sem Área","Backlog","","Suporte","Julianne Rodrigues","","Outra — valor legado do Notion: ""Aguardando momento oportuno""","","","uMode/_Clientes/Lenny Niemeyer/00_Institucional/_demandas/D-2026-003.md"
"D-2026-004","lenny-niemeyer","UMD-965","Criar campo descrição dos produtos em inglês + integrar","casa-cliente","04/02/2026","Concluída","Sim","CX Hub — ID: UMD-965","Tech","Suporte Tech","Cancelado","","Integração","Julianne Rodrigues","","","","","uMode/_Clientes/Lenny Niemeyer/00_Institucional/_demandas/D-2026-004.md"
"D-2026-005","lenny-niemeyer","UMD-1020","Auditoria Geral de Integração","casa-cliente","20/02/2026","Concluída","Sim","CX Hub — ID: UMD-1020","Tech","Suporte Tech","Análise","","Relatório","Marina Santoro","","","","","uMode/_Clientes/Lenny Niemeyer/00_Institucional/_demandas/D-2026-005.md"
"D-2026-006","lenny-niemeyer","UMD-1004","Empenho integrando errado","casa-cliente","20/02/2026","Concluída","Sim","CX Hub — ID: UMD-1004","Tech","Suporte Tech","Concluído","","Integração","Marina Santoro","","","","","uMode/_Clientes/Lenny Niemeyer/00_Institucional/_demandas/D-2026-006.md"
"D-2026-007","lenny-niemeyer","UMD-1001","Produto não integrou","casa-cliente","20/02/2026","Concluída","Sim","CX Hub — ID: UMD-1001","Tech","Suporte Tech","Concluído","","Bug","Ana Paula Ramos","","","","","uMode/_Clientes/Lenny Niemeyer/00_Institucional/_demandas/D-2026-007.md"
"D-2026-008","lenny-niemeyer","UMD-1023","Produto não atualizaram no Linx","casa-cliente","26/02/2026","Concluída","Sim","CX Hub — ID: UMD-1023","Tech","Suporte Tech","Concluído","","Integração","Marina Santoro","","","","","uMode/_Clientes/Lenny Niemeyer/00_Institucional/_demandas/D-2026-008.md"
"D-2026-009","lenny-niemeyer","UMD-1040","Produtos não integraram por ultrapassarem o limite de caracteres","casa-cliente","03/03/2026","Concluída","Sim","CX Hub — ID: UMD-1040","","","Concluído","","Integração","Ana Paula Ramos","","","","","uMode/_Clientes/Lenny Niemeyer/00_Institucional/_demandas/D-2026-009.md"
"D-2026-010","lenny-niemeyer","UMD-1060","Ajustes de conta","casa-cliente","05/03/2026","Concluída","Sim","CX Hub — ID: UMD-1060","Operação","Sem Área","Concluído","","","Julianne Rodrigues","","","","","uMode/_Clientes/Lenny Niemeyer/00_Institucional/_demandas/D-2026-010.md"
"D-2026-011","lenny-niemeyer","UMD-1057","Erro integração produtos","casa-cliente","05/03/2026","Concluída","Sim","CX Hub — ID: UMD-1057","Tech","Suporte Tech","Concluído","","Integração","Julianne Rodrigues","","","","","uMode/_Clientes/Lenny Niemeyer/00_Institucional/_demandas/D-2026-011.md"
"D-2026-012","lenny-niemeyer","UMD-1098","Bloqueio para não aplicar a mesma MP com a mesma variante de MP nas variantes do produto","casa-cliente","13/03/2026","Concluída","Sim","CX Hub — ID: UMD-1098","","","Cancelado","","Integração","Marina Santoro","","","","","uMode/_Clientes/Lenny Niemeyer/00_Institucional/_demandas/D-2026-012.md"
"D-2026-013","lenny-niemeyer","UMD-1110","Incluir rota de custos através da uMode","casa-cliente","18/03/2026","Concluída","Sim","CX Hub — ID: UMD-1110","","","Cancelado","","Integração","Julianne Rodrigues","","","","","uMode/_Clientes/Lenny Niemeyer/00_Institucional/_demandas/D-2026-013.md"
"D-2026-014","lenny-niemeyer","UMD-1106","MPs com cor 0000 LENNY (PARA IMPORTAÇÃO)","casa-cliente","18/03/2026","Concluída","Sim","CX Hub — ID: UMD-1106","Operação","Sem Área","Concluído","","Suporte","Marina Santoro","","","","","uMode/_Clientes/Lenny Niemeyer/00_Institucional/_demandas/D-2026-014.md"
"D-2026-015","lenny-niemeyer","UMD-1105","Divergência em ficha técnica (consumos 0)","casa-cliente","18/03/2026","Concluída","Sim","CX Hub — ID: UMD-1105","","","Concluído","","Integração","Marina Santoro","","","","","uMode/_Clientes/Lenny Niemeyer/00_Institucional/_demandas/D-2026-015.md"
"D-2026-016","lenny-niemeyer","UMD-1115","Incluir na validação mp não pode ter cor 0000","casa-cliente","19/03/2026","Concluída","Sim","CX Hub — ID: UMD-1115","","","Cancelado","","Integração","Marina Santoro","","","","","uMode/_Clientes/Lenny Niemeyer/00_Institucional/_demandas/D-2026-016.md"
"D-2026-017","lenny-niemeyer","UMD-1117","Custo Fabricação não integrou","casa-cliente","20/03/2026","Concluída","Sim","CX Hub — ID: UMD-1117","Tech","Suporte Tech","Cancelado","","Integração","Ana Paula Ramos","","","","","uMode/_Clientes/Lenny Niemeyer/00_Institucional/_demandas/D-2026-017.md"
"D-2026-018","lenny-niemeyer","UMD-1130","Produtos que atualizaram os preços","casa-cliente","24/03/2026","Concluída","Sim","CX Hub — ID: UMD-1130","Operação","Sem Área","Concluído","","Integração","Marina Santoro","","","","","uMode/_Clientes/Lenny Niemeyer/00_Institucional/_demandas/D-2026-018.md"
"D-2026-019","lenny-niemeyer","UMD-1161","Divergência na campo Rota de Operações","casa-cliente","07/04/2026","Concluída","Sim","CX Hub — ID: UMD-1161","","","Análise","","Configuração","Pedro Murillo","Pedro Murillo, Julianne Rodrigues","","","","uMode/_Clientes/Lenny Niemeyer/00_Institucional/_demandas/D-2026-019.md"
"D-2025-001","lofty-style","UMD-317","Hierarquia do Campo Categoria","casa-cliente","29/08/2025","Concluída","Sim","CX Hub — ID: UMD-317","Operação","Operação | KA","Backlog","","Configuração","Laura Delgado","Laura Delgado","","","","uMode/_Clientes/Lofty Style/00_Institucional/_demandas/D-2025-001.md"
"D-2025-002","lofty-style","UMD-309","Campo Peso, incluir hint","casa-cliente","29/08/2025","Concluída","Sim","CX Hub — ID: UMD-309","Operação","Operação | KA","Concluído","","Configuração","Laura Delgado Cardoso","Laura Delgado Cardoso","","","","uMode/_Clientes/Lofty Style/00_Institucional/_demandas/D-2025-002.md"
"D-2025-003","lofty-style","UMD-307","Nova Aba ""Estilo | Detalhes Produto"" para Ecommerce","casa-cliente","29/08/2025","Concluída","Sim","CX Hub — ID: UMD-307","Operação","Operação | KA","Concluído","","Configuração","Laura Delgado Cardoso","Laura Delgado Cardoso","","","","uMode/_Clientes/Lofty Style/00_Institucional/_demandas/D-2025-003.md"
"D-2025-004","lofty-style","UMD-543","Criar Perfil dos usuários e Enviar convite","casa-cliente","29/08/2025","Concluída","Sim","CX Hub — ID: UMD-543","Operação","Sem Área","Concluído","","Configuração","Andrea Holmer","Laura Delgado, Andrea Holmer","","","","uMode/_Clientes/Lofty Style/00_Institucional/_demandas/D-2025-004.md"
"D-2025-005","lofty-style","UMD-320","Campo Revenda","casa-cliente","29/08/2025","Concluída","Sim","CX Hub — ID: UMD-320","Operação","Operação | KA","Concluído","","Configuração","Laura Delgado","Laura Delgado","","","","uMode/_Clientes/Lofty Style/00_Institucional/_demandas/D-2025-005.md"
"D-2025-006","lofty-style","UMD-318","Hierarquia do Campo Tipo","casa-cliente","29/08/2025","Concluída","Sim","CX Hub — ID: UMD-318","Operação","Operação | KA","Backlog","","Configuração","Laura Delgado","Laura Delgado","","","","uMode/_Clientes/Lofty Style/00_Institucional/_demandas/D-2025-006.md"
"D-2025-007","lofty-style","UMD-215","Deixar Campo Padrão nos Campos de Seleção: ""Status Atual"",","casa-cliente","29/08/2025","Concluída","Sim","CX Hub — ID: UMD-215","Operação","Operação | KA","Concluído","","Configuração","Laura Delgado Cardoso","Laura Delgado Cardoso","","","","uMode/_Clientes/Lofty Style/00_Institucional/_demandas/D-2025-007.md"
"D-2025-008","lofty-style","UMD-211","Ajustar o Campo Referência para: Somente Leitura","casa-cliente","29/08/2025","Concluída","Sim","CX Hub — ID: UMD-211","Operação","Operação | KA","Concluído","","Configuração","Laura Delgado Cardoso","Laura Delgado Cardoso","","","","uMode/_Clientes/Lofty Style/00_Institucional/_demandas/D-2025-008.md"
"D-2025-009","lofty-style","UMD-210","Alterar o Campo Coleção da Ficha para ""Coleção Linx""","casa-cliente","29/08/2025","Concluída","Sim","CX Hub — ID: UMD-210","Operação","Operação | KA","Concluído","","Configuração","Laura Delgado Cardoso","Laura Delgado Cardoso","","","","uMode/_Clientes/Lofty Style/00_Institucional/_demandas/D-2025-009.md"
"D-2025-010","lofty-style","UMD-209","Alterar a Aba Chat - Depois de Arquivos","casa-cliente","29/08/2025","Concluída","Sim","CX Hub — ID: UMD-209","Operação","Operação | KA","Concluído","","Configuração","Laura Delgado Cardoso","Laura Delgado Cardoso","","","","uMode/_Clientes/Lofty Style/00_Institucional/_demandas/D-2025-010.md"
"D-2025-011","lofty-style","UMD-212","Exibir Código uMode em dados gerais e também no mapa","casa-cliente","29/08/2025","Concluída","Sim","CX Hub — ID: UMD-212","Operação","Operação | KA","Concluído","","Configuração","Laura Delgado Cardoso","Laura Delgado Cardoso","","","","uMode/_Clientes/Lofty Style/00_Institucional/_demandas/D-2025-011.md"
"D-2025-012","lofty-style","UMD-213","Travar edição do Campo Responsável","casa-cliente","29/08/2025","Concluída","Sim","CX Hub — ID: UMD-213","Operação","Operação | KA","Concluído","","Configuração","Laura Delgado Cardoso","Laura Delgado Cardoso","","","","uMode/_Clientes/Lofty Style/00_Institucional/_demandas/D-2025-012.md"
"D-2025-013","lofty-style","UMD-214","Tipo de Produto é igual ao Grupo - Incluir hint","casa-cliente","29/08/2025","Concluída","Sim","CX Hub — ID: UMD-214","Operação","Operação | KA","Concluído","","Configuração","Laura Delgado Cardoso","Laura Delgado Cardoso","","","","uMode/_Clientes/Lofty Style/00_Institucional/_demandas/D-2025-013.md"
"D-2025-014","lofty-style","UMD-308","Ficha de Impressão","casa-cliente","01/09/2025","Concluída","Sim","CX Hub — ID: UMD-308","Operação","Sem Área","Concluído","","Configuração","Laura Delgado Cardoso","Laura Delgado Cardoso","","","","uMode/_Clientes/Lofty Style/00_Institucional/_demandas/D-2025-014.md"
"D-2025-015","lofty-style","UMD-319","Ajuste do Campo Modelista","casa-cliente","02/09/2025","Concluída","Sim","CX Hub — ID: UMD-319","Operação","Operação | KA","Concluído","","Suporte","Laura Delgado","Laura Delgado","","","","uMode/_Clientes/Lofty Style/00_Institucional/_demandas/D-2025-015.md"
"D-2025-016","lofty-style","UMD-321","Incluir Campo “Piloteiro”","casa-cliente","02/09/2025","Concluída","Sim","CX Hub — ID: UMD-321","Operação","Operação | KA","Concluído","","Configuração","Laura Delgado","Laura Delgado","","","","uMode/_Clientes/Lofty Style/00_Institucional/_demandas/D-2025-016.md"
"D-2025-017","lofty-style","UMD-436","Limpar base de tecidos e aviamentos sem fornecedor","casa-cliente","- Data de Previsão de Entrega: vazio","Concluída","Sim","CX Hub — ID: UMD-436","Operação","Sem Área","Concluído","","Suporte","Victor Aragão","Laura Delgado, Andrea Holmer","Outra — valor legado do Notion: ""Aguardando Recurso Especial""","","","uMode/_Clientes/Lofty Style/00_Institucional/_demandas/D-2025-017.md"
"D-2025-018","lofty-style","UMD-518","Criar Campo MATERIAL_PRINCIPAL","casa-cliente","19/09/2025","Concluída","Sim","CX Hub — ID: UMD-518","Operação","Sem Área","Concluído","","Configuração","Laura Delgado","Laura Delgado, Andrea Holmer","","","","uMode/_Clientes/Lofty Style/00_Institucional/_demandas/D-2025-018.md"
"D-2025-019","lofty-style","UMD-517","Definir categoria de imagem para integrar","casa-cliente","22/09/2025","Concluída","Sim","CX Hub — ID: UMD-517","Tech","Suporte Tech","Backlog","","Integração","Laura Delgado","Laura Delgado, Andrea Holmer","Aguardando Decisão","RFI-2025-002","","uMode/_Clientes/Lofty Style/00_Institucional/_demandas/D-2025-019.md"
"D-2025-020","lofty-style","UMD-516","Campo Sexo na Ficha","casa-cliente","22/09/2025","Concluída","Sim","CX Hub — ID: UMD-516","Operação","Operação | KA","Concluído","","Configuração","Laura Delgado","Laura Delgado, Andrea Holmer","","","","uMode/_Clientes/Lofty Style/00_Institucional/_demandas/D-2025-020.md"
"D-2025-021","lofty-style","UMD-561","Desejo de deixar o Campo “Peso” identificado com “Kg”","casa-cliente","01/10/2025","Concluída","Sim","CX Hub — ID: UMD-561","Operação","Produto | Inovação","Backlog","","Produto","Laura Delgado","Laura Delgado, Andrea Holmer","Aguardando Decisão","","","uMode/_Clientes/Lofty Style/00_Institucional/_demandas/D-2025-021.md"
"D-2025-022","lofty-style","UMD-654","Possibilidade de trazer a imagem do tecido e aviamento dentro do cadastro.","casa-cliente","08/10/2025","Concluída","Sim","CX Hub — ID: UMD-654","Tech","Suporte Tech","Backlog","","Integração","Laura Delgado","Laura Delgado, Andrea Holmer","Aguardando Decisão","RFI-2025-001","","uMode/_Clientes/Lofty Style/00_Institucional/_demandas/D-2025-022.md"
"D-2025-023","lofty-style","UMD-653","Tecido não está vindo com o custo na integração","casa-cliente","- Data de Previsão de Entrega: vazio","Concluída","Sim","CX Hub — ID: UMD-653","Tech","Suporte Tech","Concluído","","Integração","Laura Delgado","Laura Delgado, Andrea Holmer","","","","uMode/_Clientes/Lofty Style/00_Institucional/_demandas/D-2025-023.md"
"D-2025-024","lofty-style","UMD-668","Integração de Imagem (SMB)","casa-cliente","- Data de Previsão de Entrega: vazio","Concluída","Sim","CX Hub — ID: UMD-668","","","Cancelado","","Integração","Marina Santoro","Marina Santoro","","RFI-2025-002","","uMode/_Clientes/Lofty Style/00_Institucional/_demandas/D-2025-024.md"
"D-2025-025","lofty-style","UMD-676","Ações campos de integração","casa-cliente","- Data de Previsão de Entrega: vazio","Concluída","Sim","CX Hub — ID: UMD-676","Operação","Sem Área","Concluído","","Integração","Marina Santoro","Marina Santoro","","","","uMode/_Clientes/Lofty Style/00_Institucional/_demandas/D-2025-025.md"
"D-2025-026","lofty-style","UMD-727","Cadastrar Pacote de Materiais","casa-cliente","28/10/2025","Concluída","Sim","CX Hub — ID: UMD-727","Operação","Sem Área","Concluído","","Suporte","Laura Delgado","Laura Delgado, Andrea Holmer","","","","uMode/_Clientes/Lofty Style/00_Institucional/_demandas/D-2025-026.md"
"D-2025-027","lofty-style","UMD-736","Importar Cadastro de Produtos","casa-cliente","30/10/2025","Concluída","Sim","CX Hub — ID: UMD-736","Operação","Sem Área","Concluído","","Suporte","Laura Delgado","Laura Delgado, Andrea Holmer","","","","uMode/_Clientes/Lofty Style/00_Institucional/_demandas/D-2025-027.md"
"D-2025-028","lofty-style","UMD-794","Configurar a Aprovação na Ficha Técnica","casa-cliente","04/11/2025","Concluída","Sim","CX Hub — ID: UMD-794","Operação","Sem Área","Concluído","","Configuração","Laura Delgado","","","","","uMode/_Clientes/Lofty Style/00_Institucional/_demandas/D-2025-028.md"
"D-2025-029","lofty-style","UMD-778","Criar aba para PCP/Compras","casa-cliente","04/11/2025","Concluída","Sim","CX Hub — ID: UMD-778","Operação","Sem Área","Concluído","","Configuração","Andrea Holmer","Laura Delgado, Andrea Holmer","","RFI-2025-001","","uMode/_Clientes/Lofty Style/00_Institucional/_demandas/D-2025-029.md"
"D-2025-030","lofty-style","UMD-756","Incluir trava/bloqueio da grade quando produto tem código Linx","casa-cliente","04/11/2025","Concluída","Sim","CX Hub — ID: UMD-756","","","Concluído","","Configuração","Marina Santoro","","","","","uMode/_Clientes/Lofty Style/00_Institucional/_demandas/D-2025-030.md"
"D-2025-031","lofty-style","UMD-757","Liberar botão “Liberado para Integrar” para usuarias chave","casa-cliente","- Data de Previsão de Entrega: vazio","Concluída","Sim","CX Hub — ID: UMD-757","","","Concluído","","Integração","Marina Santoro","","","","","uMode/_Clientes/Lofty Style/00_Institucional/_demandas/D-2025-031.md"
"D-2025-032","lofty-style","UMD-779","Criar campo “Nomes Antigos”","casa-cliente","06/11/2025","Concluída","Sim","CX Hub — ID: UMD-779","Operação","Sem Área","Concluído","","Configuração","Andrea Holmer","Laura Delgado, Andrea Holmer","","RFI-2025-001","","uMode/_Clientes/Lofty Style/00_Institucional/_demandas/D-2025-032.md"
"D-2025-033","lofty-style","UMD-759","Incluir trava/bloqueio de variante quando produto tem código Linx","casa-cliente","06/11/2025","Concluída","Sim","CX Hub — ID: UMD-759","Operação","Sem Área","Concluído","","Integração","Marina Santoro","Laura Delgado, Andrea Holmer","","","","uMode/_Clientes/Lofty Style/00_Institucional/_demandas/D-2025-033.md"
"D-2025-034","lofty-style","UMD-795","Inativar as Estilistas que não fazem mais parte da empresa no campo de selção","casa-cliente","07/11/2025","Concluída","Sim","CX Hub — ID: UMD-795","Operação","Operação | KA","Concluído","","Configuração","Laura Delgado","Laura Delgado, Andrea Holmer","","","","uMode/_Clientes/Lofty Style/00_Institucional/_demandas/D-2025-034.md"
"D-2025-035","lofty-style","UMD-808","Erro ao empenhar pacote de aviamento","casa-cliente","- Data de Previsão de Entrega: vazio","Concluída","Sim","CX Hub — ID: UMD-808","Operação","Sem Área","Concluído","","Configuração","Andrea Holmer","Laura Delgado, Andrea Holmer","","","","uMode/_Clientes/Lofty Style/00_Institucional/_demandas/D-2025-035.md"
"D-2025-036","lofty-style","UMD-827","Erro validação","casa-cliente","19/11/2025","Concluída","Sim","CX Hub — ID: UMD-827","Operação","Sem Área","Concluído","","Suporte","Ana Paula Ramos","Laura Delgado, Andrea Holmer","","","","uMode/_Clientes/Lofty Style/00_Institucional/_demandas/D-2025-036.md"
"D-2025-037","lofty-style","UMD-841","Importação de novos produtos","casa-cliente","25/11/2025","Concluída","Sim","CX Hub — ID: UMD-841","Operação","Operação | KA","Concluído","","Suporte","Laura Delgado","Laura Delgado, Andrea Holmer","","","","uMode/_Clientes/Lofty Style/00_Institucional/_demandas/D-2025-037.md"
"D-2025-038","lofty-style","UMD-844","Custo diferente uMode x Linx","casa-cliente","- Data de Previsão de Entrega: vazio","Concluída","Sim","CX Hub — ID: UMD-844","Tech","Suporte Tech","Concluído","","Bug","Ana Paula Ramos","","","","","uMode/_Clientes/Lofty Style/00_Institucional/_demandas/D-2025-038.md"
"D-2025-039","lofty-style","UMD-860","Configuração de CheckList","casa-cliente","- Data de Previsão de Entrega: vazio","Concluída","Sim","CX Hub — ID: UMD-860","Operação","Operação | KA","Concluído","","Configuração","Laura Delgado","Laura Delgado, Andrea Holmer","","","","uMode/_Clientes/Lofty Style/00_Institucional/_demandas/D-2025-039.md"
"D-2025-040","lofty-style","UMD-869","Ajustar Usuários, Perfil e Permissionamento","casa-cliente","04/12/2025","Concluída","Sim","CX Hub — ID: UMD-869","Operação","Sem Área","Concluído","","Configuração","Andrea Holmer","Laura Delgado, Andrea Holmer","","","","uMode/_Clientes/Lofty Style/00_Institucional/_demandas/D-2025-040.md"
"D-2025-041","lofty-style","UMD-870","Ajuste de Calculo Aba PCP","casa-cliente","- Data de Previsão de Entrega: vazio","Concluída","Sim","CX Hub — ID: UMD-870","Operação","Operação | KA","Concluído","","Configuração","Laura Delgado","Laura Delgado, Andrea Holmer","","","","uMode/_Clientes/Lofty Style/00_Institucional/_demandas/D-2025-041.md"
"D-2025-042","lofty-style","UMD-885","Criar Ficha de Impressão de Aprovação","casa-cliente","16/12/2025","Concluída","Sim","CX Hub — ID: UMD-885","Operação","Operação | KA","Concluído","","Configuração","Andrea Holmer","Laura Delgado","","","","uMode/_Clientes/Lofty Style/00_Institucional/_demandas/D-2025-042.md"
"D-2025-043","lofty-style","UMD-887","No preço no Linx está com “.”, mas na uMode, está “,”","casa-cliente","- Data de Previsão de Entrega: vazio","Concluída","Sim","CX Hub — ID: UMD-887","Operação","Sem Área","Concluído","","Configuração","Ana Paula Ramos","Laura Delgado, Andrea Holmer","","","","uMode/_Clientes/Lofty Style/00_Institucional/_demandas/D-2025-043.md"
"D-2025-044","lofty-style","UMD-888","Material duplicado no relatório de custo","casa-cliente","- Data de Previsão de Entrega: vazio","Concluída","Sim","CX Hub — ID: UMD-888","Tech","Suporte Tech","Concluído","","Bug","Ana Paula Ramos","Laura Delgado, Andrea Holmer","","","","uMode/_Clientes/Lofty Style/00_Institucional/_demandas/D-2025-044.md"
"D-2026-001","lofty-style","UMD-917","Custo diferente - uMode e Linx - Retroativos","casa-cliente","- Data de Previsão de Entrega: vazio","Concluída","Sim","CX Hub — ID: UMD-917","Tech","Suporte Tech","Cancelado","","Suporte","Ana Paula Ramos","","","","","uMode/_Clientes/Lofty Style/00_Institucional/_demandas/D-2026-001.md"
"D-2026-002","lofty-style","UMD-919","Materiais não cadastrados","casa-cliente","- Data de Previsão de Entrega: vazio","Concluída","Sim","CX Hub — ID: UMD-919","Tech","Suporte Tech","Concluído","","Integração","Ana Paula Ramos","Laura Delgado, Andrea Holmer","","","","uMode/_Clientes/Lofty Style/00_Institucional/_demandas/D-2026-002.md"
"D-2026-003","lofty-style","UMD-925","Material duplicado no Linx","casa-cliente","- Data de Previsão de Entrega: vazio","Concluída","Sim","CX Hub — ID: UMD-925","Operação","Sem Área","Concluído","","Bug","Andrea Holmer","Laura Delgado, Andrea Holmer","","","","uMode/_Clientes/Lofty Style/00_Institucional/_demandas/D-2026-003.md"
"D-2026-004","lofty-style","UMD-948","Possibilidade do Workflow por Variante","casa-cliente","26/01/2026","Concluída","Sim","CX Hub — ID: UMD-948","Operação","Operação | KA","Concluído","","Configuração","Laura Delgado","Laura Delgado, Andrea Holmer","","","","uMode/_Clientes/Lofty Style/00_Institucional/_demandas/D-2026-004.md"
"D-2026-005","lofty-style","UMD-949","Possibilidade de Macroplan para controle de Armários","casa-cliente","- Data de Previsão de Entrega: vazio","Concluída","Sim","CX Hub — ID: UMD-949","Operação","Operação | KA","Análise","","Configuração","Laura Delgado","Laura Delgado, Andrea Holmer","","","","uMode/_Clientes/Lofty Style/00_Institucional/_demandas/D-2026-005.md"
"D-2026-006","lofty-style","UMD-950","Possibilidade de acrescentar Rendimento e Prazo de Entrega na ficha de material","casa-cliente","- Data de Previsão de Entrega: vazio","Concluída","Sim","CX Hub — ID: UMD-950","","","Backlog","","Configuração","Laura Delgado","","","","","uMode/_Clientes/Lofty Style/00_Institucional/_demandas/D-2026-006.md"
"D-2026-007","lofty-style","UMD-953","Materiais e produto não integraram","casa-cliente","27/01/2026","Concluída","Sim","CX Hub — ID: UMD-953","Operação","Sem Área","Concluído","","Bug","Ana Paula Ramos","Laura Delgado, Andrea Holmer","","","","uMode/_Clientes/Lofty Style/00_Institucional/_demandas/D-2026-007.md"
"D-2026-008","lofty-style","UMD-961","Revisão de Preços e Custos Integração de Escrita","casa-cliente","30/01/2026   (GMT-3)","Concluída","Sim","CX Hub — ID: UMD-961","Tech","Suporte Tech","Concluído","","Integração","Marina Santoro","Laura Delgado, Andrea Holmer","","RFI-2026-001","","uMode/_Clientes/Lofty Style/00_Institucional/_demandas/D-2026-008.md"
"D-2026-009","lofty-style","UMD-964","Fornecedor não integrou","casa-cliente","03/02/2026","Concluída","Sim","CX Hub — ID: UMD-964","Operação","Sem Área","Concluído","","Bug","Marina Santoro","Laura Delgado, Andrea Holmer","","","","uMode/_Clientes/Lofty Style/00_Institucional/_demandas/D-2026-009.md"
"D-2026-010","lofty-style","UMD-997","Ficha técnica: empenho com erro na uMode e no Linx","casa-cliente","06/02/2026","Concluída","Sim","CX Hub — ID: UMD-997","","","Concluído","","Integração","Marina Santoro","","","","","uMode/_Clientes/Lofty Style/00_Institucional/_demandas/D-2026-010.md"
"D-2026-011","lofty-style","UMD-988","Materiais não integraram","casa-cliente","11/02/2026   (GMT-3)","Concluída","Sim","CX Hub — ID: UMD-988","","","Concluído","","Integração","Ana Paula Ramos","","","","","uMode/_Clientes/Lofty Style/00_Institucional/_demandas/D-2026-011.md"
"D-2026-012","lofty-style","UMD-987","Materiais não integraram","casa-cliente","11/02/2026   (GMT-3)","Concluída","Sim","CX Hub — ID: UMD-987","Tech","Suporte Tech","Concluído","","Integração","Ana Paula Ramos","Laura Delgado, Andrea Holmer","","","","uMode/_Clientes/Lofty Style/00_Institucional/_demandas/D-2026-012.md"
"D-2026-013","lofty-style","UMD-990","Linha com cód duplicado","casa-cliente","- Data de Previsão de Entrega: vazio","Concluída","Sim","CX Hub — ID: UMD-990","Tech","Suporte Tech","Concluído","","Bug","Andrea Holmer","Laura Delgado, Andrea Holmer","","","","uMode/_Clientes/Lofty Style/00_Institucional/_demandas/D-2026-013.md"
"D-2026-014","lofty-style","UMD-999","Erro na importação","casa-cliente","- Data de Previsão de Entrega: vazio","Concluída","Sim","CX Hub — ID: UMD-999","Operação","Sem Área","Concluído","","Bug","Andrea Holmer","Laura Delgado, Andrea Holmer","","","","uMode/_Clientes/Lofty Style/00_Institucional/_demandas/D-2026-014.md"
"D-2026-015","lofty-style","UMD-1007","Produtos não estão atualizando no Linx","casa-cliente","24/02/2026   (GMT-3)","Concluída","Sim","CX Hub — ID: UMD-1007","Tech","Suporte Tech","Concluído","","Integração","Laura Delgado","Laura Delgado, Andrea Holmer","","","","uMode/_Clientes/Lofty Style/00_Institucional/_demandas/D-2026-015.md"
"D-2026-016","lofty-style","UMD-1024","Produtos e materiais não integraram","casa-cliente","26/02/2026   (GMT-3)","Concluída","Sim","CX Hub — ID: UMD-1024","","","Concluído","","Integração","Ana Paula Ramos","","","","","uMode/_Clientes/Lofty Style/00_Institucional/_demandas/D-2026-016.md"
"D-2026-017","lofty-style","UMD-1031","Erro ao filtrar pelo Mapa de uma coleção específica","casa-cliente","- Data de Previsão de Entrega: vazio","Concluída","Sim","CX Hub — ID: UMD-1031","Operação","Sem Área","Concluído","","Bug","Ana Paula Ramos","Laura Delgado, Andrea Holmer","","","","uMode/_Clientes/Lofty Style/00_Institucional/_demandas/D-2026-017.md"
"D-2026-018","lofty-style","UMD-1049","Produto não integrou","casa-cliente","- Data de Previsão de Entrega: vazio","Concluída","Sim","CX Hub — ID: UMD-1049","","","Concluído","","Integração","Ana Paula Ramos","","","","","uMode/_Clientes/Lofty Style/00_Institucional/_demandas/D-2026-018.md"
"D-2026-019","lofty-style","UMD-1067","Produtos não integraram para o Linx","casa-cliente","- Data de Previsão de Entrega: vazio","Concluída","Sim","CX Hub — ID: UMD-1067","","","Concluído","","Integração","Ana Paula Ramos","","","","","uMode/_Clientes/Lofty Style/00_Institucional/_demandas/D-2026-019.md"
"D-2026-020","lofty-style","UMD-1104","Cor não integrou","casa-cliente","17/03/2026","Concluída","Sim","CX Hub — ID: UMD-1104","","","Concluído","","Integração","Marina Santoro","","","","","uMode/_Clientes/Lofty Style/00_Institucional/_demandas/D-2026-020.md"
"D-2026-021","lofty-style","UMD-1100","Erro de integração de Fornecedor (Blusa Georgina e Feive Comercio)","casa-cliente","17/03/2026","Concluída","Sim","CX Hub — ID: UMD-1100","Tech","Suporte Tech","Concluído","","Integração","Laura Delgado","Laura Delgado, Andrea Holmer","","","","uMode/_Clientes/Lofty Style/00_Institucional/_demandas/D-2026-021.md"
"D-2026-022","lofty-style","UMD-1099","Produto com Cód. Linx “errado”","casa-cliente","17/03/2026","Concluída","Sim","CX Hub — ID: UMD-1099","Tech","Suporte Tech","Concluído","","Integração","Laura Delgado","Laura Delgado, Andrea Holmer","","","","uMode/_Clientes/Lofty Style/00_Institucional/_demandas/D-2026-022.md"
"D-2026-023","lofty-style","UMD-1101","Variantes e Materiais que não subiram pra uMode - Forro Malha e Chiffon Baia","casa-cliente","18/03/2026","Concluída","Sim","CX Hub — ID: UMD-1101","Tech","Suporte Tech","Concluído","","Integração","Laura Delgado","Laura Delgado, Andrea Holmer","","","","uMode/_Clientes/Lofty Style/00_Institucional/_demandas/D-2026-023.md"
"D-2026-024","lofty-style","UMD-1112","Erro de integração de Variante (Saia Citrino)","casa-cliente","19/03/2026","Concluída","Sim","CX Hub — ID: UMD-1112","Tech","Suporte Tech","Concluído","","Integração","Andrea Holmer","Laura Delgado, Andrea Holmer","","","","uMode/_Clientes/Lofty Style/00_Institucional/_demandas/D-2026-024.md"
"D-2026-025","lofty-style","UMD-1134","Produto não integrou variante - Vestido Art 23.03.0074","casa-cliente","25/03/2026","Concluída","Sim","CX Hub — ID: UMD-1134","Tech","Suporte Tech","Concluído","","Integração","Laura Delgado","Laura Delgado, Andrea Holmer","","","","uMode/_Clientes/Lofty Style/00_Institucional/_demandas/D-2026-025.md"
"D-2026-026","lofty-style","UMD-1142","Relatório de Gestão de Coleção","casa-cliente","- Data de Previsão de Entrega: vazio","Concluída","Sim","CX Hub — ID: UMD-1142","Tech","Suporte Tech","Concluído","","Relatório","Laura Delgado","","","","","uMode/_Clientes/Lofty Style/00_Institucional/_demandas/D-2026-026.md"
"D-2026-027","lofty-style","UMD-1156","Alterar o perfil do Planejamento","casa-cliente","02/04/2026","Concluída","Sim","CX Hub — ID: UMD-1156","Operação","Operação | KA","Concluído","","Configuração","Andrea Holmer","Laura Delgado, Andrea Holmer","","","","uMode/_Clientes/Lofty Style/00_Institucional/_demandas/D-2026-027.md"
"D-2026-028","lofty-style","UMD-1157","Custo do Aviamento não está indo para o produto - SAIA CACAU / PONTEIRA TRANS RESINA","casa-cliente","03/04/2026","Concluída","Sim","CX Hub — ID: UMD-1157","Tech","Suporte Tech","Concluído","","Integração","Laura Delgado","Laura Delgado, Andrea Holmer","","","","uMode/_Clientes/Lofty Style/00_Institucional/_demandas/D-2026-028.md"
"D-2026-029","lofty-style","UMD-1160","Produtos com problema de integração","casa-cliente","07/04/2026","Concluída","Sim","CX Hub — ID: UMD-1160","Tech","Suporte Tech","Concluído","","Integração","Laura Delgado","Laura Delgado, Andrea Holmer","","","","uMode/_Clientes/Lofty Style/00_Institucional/_demandas/D-2026-029.md"
"D-2026-030","lofty-style","UMD-1164","Tecido não integrou","casa-cliente","08/04/2026","Concluída","Sim","CX Hub — ID: UMD-1164","Tech","Suporte Tech","Concluído","","Integração","Laura Delgado","Laura Delgado, Andrea Holmer","","","","uMode/_Clientes/Lofty Style/00_Institucional/_demandas/D-2026-030.md"
"D-2026-031","lofty-style","UMD-1179","Integração de Fornecedores - Não subiu","casa-cliente","10/04/2026","Concluída","Sim","CX Hub — ID: UMD-1179","Tech","Suporte Tech","Concluído","","Integração","Laura Delgado","Laura Delgado, Andrea Holmer","","","","uMode/_Clientes/Lofty Style/00_Institucional/_demandas/D-2026-031.md"
"D-2026-032","lofty-style","UMD-1178","Ativar/inativar Usuários","casa-cliente","- Data de Previsão de Entrega: vazio","Concluída","Sim","CX Hub — ID: UMD-1178","Operação","Operação | KA","Concluído","","Configuração","Andrea Holmer","Laura Delgado, Andrea Holmer","","","","uMode/_Clientes/Lofty Style/00_Institucional/_demandas/D-2026-032.md"
"D-2026-033","lofty-style","UMD-1190","Correção do Perfil Compras Importado","casa-cliente","13/04/2026","Concluída","Sim","CX Hub — ID: UMD-1190","Operação","Sem Área","Concluído","","Configuração","Laura Delgado","Laura Delgado, Andrea Holmer","","","","uMode/_Clientes/Lofty Style/00_Institucional/_demandas/D-2026-033.md"
"D-2026-034","lofty-style","UMD-1187","Produto cancelado na uMode, que segue ativo no Linx","casa-cliente","13/04/2026","Concluída","Sim","CX Hub — ID: UMD-1187","Tech","Suporte Tech","Concluído","","Integração","Laura Delgado","Laura Delgado, Andrea Holmer","","","","uMode/_Clientes/Lofty Style/00_Institucional/_demandas/D-2026-034.md"
"D-2026-035","lofty-style","UMD-1197","Erro ao gerar ficha de impressão do produto CALCA PETRA","casa-cliente","16/04/2026","Concluída","Sim","CX Hub — ID: UMD-1197","Operação","Sem Área","Concluído","","Suporte","Laura Delgado","Laura Delgado, Andrea Holmer","","","","uMode/_Clientes/Lofty Style/00_Institucional/_demandas/D-2026-035.md"
"D-2026-036","lofty-style","UMD-1202","Produto aparece como integrado, mas não foi pro Linx - BLUSA FELICIA","casa-cliente","17/04/2026","Concluída","Sim","CX Hub — ID: UMD-1202","","","Concluído","","Integração","Laura Delgado","","","","","uMode/_Clientes/Lofty Style/00_Institucional/_demandas/D-2026-036.md"
"D-2026-037","lofty-style","UMD-1203","Liberar acesso para o Perfil Admin e Ficha Técnica poderem criar Tipo de Beneficiamento e Beneficiamento","casa-cliente","- Data de Previsão de Entrega: vazio","Concluída","Sim","CX Hub — ID: UMD-1203","","","Concluído","","Configuração","Laura Delgado","","","","","uMode/_Clientes/Lofty Style/00_Institucional/_demandas/D-2026-037.md"
"D-2026-038","lofty-style","UMD-1223","Aviamento que não integrou - Botão de PE Metal Quadrado - 02.02.0519","casa-cliente","27/04/2026","Concluída","Sim","CX Hub — ID: UMD-1223","","","Concluído","","Integração","Laura Delgado","","","","","uMode/_Clientes/Lofty Style/00_Institucional/_demandas/D-2026-038.md"
"D-2026-039","lofty-style","UMD-1246","Custo da Variante com Material por Tamanho","casa-cliente","- Data de Previsão de Entrega: vazio","Concluída","Sim","CX Hub — ID: UMD-1246","","","Análise","","Produto","Laura Delgado","","","","","uMode/_Clientes/Lofty Style/00_Institucional/_demandas/D-2026-039.md"
"D-2026-040","lofty-style","UMD-1248","Aviamentos que não integraram 05/05/2026?","casa-cliente","- Data de Previsão de Entrega: vazio","Concluída","Sim","CX Hub — ID: UMD-1248","Tech","Suporte Tech","Concluído","","Integração","Laura Delgado","Laura Delgado","","","","uMode/_Clientes/Lofty Style/00_Institucional/_demandas/D-2026-040.md"
"D-2026-041","lofty-style","UMD-1263","Campo Família - Integrado com linx","casa-cliente","- Data de Previsão de Entrega: vazio","Concluída","Sim","CX Hub — ID: UMD-1263","","","Análise","","Integração","Laura Delgado","","","","","uMode/_Clientes/Lofty Style/00_Institucional/_demandas/D-2026-041.md"
"D-2024-001","luiza-barcelos","UMD-8","Atualizar lista do campo “status” igual portoflio e manter padrão ATIVO","casa-cliente","18/12/2024","Concluída","Sim","CX Hub — ID: UMD-8","","","Concluído","","Suporte","Marina Santoro","","","","","uMode/_Clientes/Luiza Barcelos/00_Institucional/_demandas/D-2024-001.md"
"D-2024-002","luiza-barcelos","UMD-7","Solicitada antes do Go Light: Configurar e-mails","casa-cliente","18/12/2024","Concluída","Sim","CX Hub — ID: UMD-7","","","Concluído","","Configuração","Marina Santoro","","","","","uMode/_Clientes/Luiza Barcelos/00_Institucional/_demandas/D-2024-002.md"
"D-2024-003","luiza-barcelos","UMD-9","Alterar campo “campanha” e “delegado” para checkbox","casa-cliente","18/12/2024","Concluída","Sim","CX Hub — ID: UMD-9","","","Concluído","","Suporte","Marina Santoro","","","","","uMode/_Clientes/Luiza Barcelos/00_Institucional/_demandas/D-2024-003.md"
"D-2024-004","luiza-barcelos","UMD-70","Reunião de Acompanhamento do Go Light: Ajuste da Ficha de Envelope","casa-cliente","18/12/2024","Concluída","Sim","CX Hub — ID: UMD-70","","","Concluído","","Suporte","Laura Delgado","","","","","uMode/_Clientes/Luiza Barcelos/00_Institucional/_demandas/D-2024-004.md"
"D-2024-005","luiza-barcelos","UMD-30","Código de Família e Código do Envelope","casa-cliente","18/12/2024","Concluída","Sim","CX Hub — ID: UMD-30","","","Concluído","","Configuração","Marina Santoro","","","","","uMode/_Clientes/Luiza Barcelos/00_Institucional/_demandas/D-2024-005.md"
"D-2024-006","luiza-barcelos","UMD-6","Solicitada antes do Go Light: Automatizar datas/etapas","casa-cliente","18/12/2024","Concluída","Sim","CX Hub — ID: UMD-6","","","Concluído","","Configuração","Marina Santoro","","","","","uMode/_Clientes/Luiza Barcelos/00_Institucional/_demandas/D-2024-006.md"
"D-2024-007","luiza-barcelos","UMD-2","Reunião de Acompanhamento do Go Light: Ordenação no mapa","casa-cliente","18/12/2024","Concluída","Sim","CX Hub — ID: UMD-2","","","Backlog","","Produto","Marina Santoro","","","","","uMode/_Clientes/Luiza Barcelos/00_Institucional/_demandas/D-2024-007.md"
"D-2024-008","luiza-barcelos","UMD-1","Alterar ícones de ‘camiseta’ para ‘sapato’","casa-cliente","18/12/2024","Concluída","Sim","CX Hub — ID: UMD-1","","","Cancelado","","Melhoria","Marina Santoro","","","","","uMode/_Clientes/Luiza Barcelos/00_Institucional/_demandas/D-2024-008.md"
"D-2024-009","luiza-barcelos","UMD-3","Alterar campo “atributo cabedal” para “subcategoria”","casa-cliente","18/12/2024","Concluída","Sim","CX Hub — ID: UMD-3","","","Concluído","","Suporte","Marina Santoro","","","","","uMode/_Clientes/Luiza Barcelos/00_Institucional/_demandas/D-2024-009.md"
"D-2024-010","luiza-barcelos","UMD-5","Alterar label campo “preço de venda” para “preço alvo”","casa-cliente","18/12/2024","Concluída","Sim","CX Hub — ID: UMD-5","","","Concluído","","Suporte","Marina Santoro","","","","","uMode/_Clientes/Luiza Barcelos/00_Institucional/_demandas/D-2024-010.md"
"D-2024-011","luiza-barcelos","UMD-4","Automatizar preenchimento dos campos relacionados a linha","casa-cliente","18/12/2024","Concluída","Sim","CX Hub — ID: UMD-4","","","Concluído","","Configuração","Marina Santoro","","","","","uMode/_Clientes/Luiza Barcelos/00_Institucional/_demandas/D-2024-011.md"
"D-2025-001","luiza-barcelos","UMD-36","Criar aba de “descrição detalhada” para Luiza","casa-cliente","24/01/2025","Concluída","Sim","CX Hub — ID: UMD-36","","","Concluído","","Configuração","Marina Santoro","","","","","uMode/_Clientes/Luiza Barcelos/00_Institucional/_demandas/D-2025-001.md"
"D-2025-002","luiza-barcelos","UMD-35","Cadastrar listas de fornecedor, cor e mp","casa-cliente","24/01/2025","Concluída","Sim","CX Hub — ID: UMD-35","","","Concluído","","Configuração","Marina Santoro","","","","","uMode/_Clientes/Luiza Barcelos/00_Institucional/_demandas/D-2025-002.md"
"D-2025-003","luiza-barcelos","UMD-37","Ajustes pré Go Light","casa-cliente","28/01/2025","Concluída","Sim","CX Hub — ID: UMD-37","","","Concluído","","Suporte","Marina Santoro","","","","","uMode/_Clientes/Luiza Barcelos/00_Institucional/_demandas/D-2025-003.md"
"D-2025-004","luiza-barcelos","UMD-40","Ajustes da agenda 04/02/2025","casa-cliente","04/02/2025","Concluída","Sim","CX Hub — ID: UMD-40","","","Concluído","","Suporte","Marina Santoro","","","","","uMode/_Clientes/Luiza Barcelos/00_Institucional/_demandas/D-2025-004.md"
"D-2025-005","luiza-barcelos","UMD-41","Automatizar workflow com campo etapa (1:1)","casa-cliente","04/02/2025","Concluída","Sim","CX Hub — ID: UMD-41","","","Concluído","","Configuração","Marina Santoro","","","","","uMode/_Clientes/Luiza Barcelos/00_Institucional/_demandas/D-2025-005.md"
"D-2025-006","luiza-barcelos","UMD-60","Reunião de Acompanhamento do Go Light: Ficha de impressão - Time Desenvolvimento","casa-cliente","07/02/2025","Concluída","Sim","CX Hub — ID: UMD-60","","","Concluído","","Suporte","Laura Delgado","","","","","uMode/_Clientes/Luiza Barcelos/00_Institucional/_demandas/D-2025-006.md"
"D-2025-007","luiza-barcelos","UMD-46","Reunião de Acompanhamento do Go Light: Subir imagens arrastando e não buscando em pastas","casa-cliente","20/02/2025","Concluída","Sim","CX Hub — ID: UMD-46","","","Cancelado","","Melhoria","Marina Santoro","","","","","uMode/_Clientes/Luiza Barcelos/00_Institucional/_demandas/D-2025-007.md"
"D-2025-008","luiza-barcelos","UMD-47","Reunião de Acompanhamento do Go Light: Gestão de Aviamentos e Projetos/Linhas dentro da…","casa-cliente","20/02/2025","Concluída","Sim","CX Hub — ID: UMD-47","Operação","Operação | KA","Concluído","","Configuração","Marina Santoro","Laura Delgado, Andrea Holmer","","","","uMode/_Clientes/Luiza Barcelos/00_Institucional/_demandas/D-2025-008.md"
"D-2025-009","luiza-barcelos","UMD-48","Reunião de Acompanhamento do Go Light: Subir fotos nos produtos via pasta","casa-cliente","20/02/2025","Concluída","Sim","CX Hub — ID: UMD-48","","","Cancelado","","Configuração","Marina Santoro","","","","","uMode/_Clientes/Luiza Barcelos/00_Institucional/_demandas/D-2025-009.md"
"D-2025-010","luiza-barcelos","UMD-49","Reunião de Acompanhamento do Go Light: Unificar campos de Abas (principalmente Envelope…","casa-cliente","24/02/2025","Concluída","Sim","CX Hub — ID: UMD-49","","","Cancelado","","Configuração","Laura Delgado","","","","","uMode/_Clientes/Luiza Barcelos/00_Institucional/_demandas/D-2025-010.md"
"D-2025-011","luiza-barcelos","UMD-64","Reunião de Acompanhamento do Go Light: Unificar Desenhista com o campo Responsável","casa-cliente","25/02/2025","Concluída","Sim","CX Hub — ID: UMD-64","","","Concluído","","Suporte","Laura Delgado","","","","","uMode/_Clientes/Luiza Barcelos/00_Institucional/_demandas/D-2025-011.md"
"D-2025-012","luiza-barcelos","UMD-51","Reunião de Acompanhamento do Go Light: Unificar pasta de coleção e campo coleção safetech","casa-cliente","25/02/2025","Concluída","Sim","CX Hub — ID: UMD-51","","","Concluído","","Suporte","Marina Santoro","","","","","uMode/_Clientes/Luiza Barcelos/00_Institucional/_demandas/D-2025-012.md"
"D-2025-013","luiza-barcelos","UMD-55","Reunião de Acompanhamento do Go Light: Salvar filtro no mapa (exibição)","casa-cliente","25/02/2025","Concluída","Sim","CX Hub — ID: UMD-55","","","Concluído","","Melhoria","Marina Santoro","","","","","uMode/_Clientes/Luiza Barcelos/00_Institucional/_demandas/D-2025-013.md"
"D-2025-014","luiza-barcelos","UMD-54","Reunião de Acompanhamento do Go Light: Importação massiva de imagens","casa-cliente","28/02/2025","Concluída","Sim","CX Hub — ID: UMD-54","","","Cancelado","","Melhoria","Marina Santoro","","","","","uMode/_Clientes/Luiza Barcelos/00_Institucional/_demandas/D-2025-014.md"
"D-2025-015","luiza-barcelos","UMD-66","Reunião de Acompanhamento do Go Light: Erro ao Digitar Opção no Campo de Seleção","casa-cliente","13/03/2025","Concluída","Sim","CX Hub — ID: UMD-66","","","Cancelado","","Bug","Marina Santoro","","","","","uMode/_Clientes/Luiza Barcelos/00_Institucional/_demandas/D-2025-015.md"
"D-2025-016","luiza-barcelos","UMD-63","Reunião de Acompanhamento do Go Light: Ajuste Fabricantes de Matéria Prima","casa-cliente","19/03/2025","Concluída","Sim","CX Hub — ID: UMD-63","","","Concluído","","Suporte","Laura Delgado","","","","","uMode/_Clientes/Luiza Barcelos/00_Institucional/_demandas/D-2025-016.md"
"D-2025-017","luiza-barcelos","UMD-62","Reunião de Acompanhamento do Go Light:  Ajuste de Configuração dos Mapas de Linha e Fam…","casa-cliente","19/03/2025","Concluída","Sim","CX Hub — ID: UMD-62","","","Concluído","","Suporte","Laura Delgado","","","","","uMode/_Clientes/Luiza Barcelos/00_Institucional/_demandas/D-2025-017.md"
"D-2025-018","luiza-barcelos","UMD-61","Reunião de Acompanhamento do Go Light:  Alteração da Categoria de Imagem","casa-cliente","20/03/2025","Concluída","Sim","CX Hub — ID: UMD-61","","","Concluído","","Suporte","Laura Delgado","","","","","uMode/_Clientes/Luiza Barcelos/00_Institucional/_demandas/D-2025-018.md"
"D-2025-019","luiza-barcelos","UMD-104","Filtro por data do calce:","casa-cliente","26/03/2025","Concluída","Sim","CX Hub — ID: UMD-104","","","Backlog","","Suporte","Pedro Murillo","","","","","uMode/_Clientes/Luiza Barcelos/00_Institucional/_demandas/D-2025-019.md"
"D-2025-020","luiza-barcelos","UMD-105","Inserção de desenho numerado:","casa-cliente","26/03/2025","Concluída","Sim","CX Hub — ID: UMD-105","Operação","Produto | Inovação","Backlog","","Produto","Pedro Murillo","","Aguardando Decisão","","","uMode/_Clientes/Luiza Barcelos/00_Institucional/_demandas/D-2025-020.md"
"D-2025-021","luiza-barcelos","UMD-103","Ao adicionar um produto na plataforma, ele já está em desenvolvimento. A manutenção man…","casa-cliente","26/03/2025","Concluída","Sim","CX Hub — ID: UMD-103","","","Cancelado","","Configuração","Pedro Murillo","","","","","uMode/_Clientes/Luiza Barcelos/00_Institucional/_demandas/D-2025-021.md"
"D-2025-022","luiza-barcelos","UMD-106","Salvamento de filtros e configurações:","casa-cliente","26/03/2025","Concluída","Sim","CX Hub — ID: UMD-106","Operação","Produto | Inovação","Backlog","","Produto","Pedro Murillo","","Aguardando Decisão","","","uMode/_Clientes/Luiza Barcelos/00_Institucional/_demandas/D-2025-022.md"
"D-2025-023","luiza-barcelos","UMD-65","Reunião de Acompanhamento do Go Light: Repensar visualização por Familia","casa-cliente","31/03/2025","Concluída","Sim","CX Hub — ID: UMD-65","","","Concluído","","Configuração","Laura Delgado","","","","","uMode/_Clientes/Luiza Barcelos/00_Institucional/_demandas/D-2025-023.md"
"D-2025-024","luiza-barcelos","UMD-68","Reunião de Acompanhamento do Go Light: Ajuste no Mapa de Ficha de Combinação","casa-cliente","01/04/2025","Concluída","Sim","CX Hub — ID: UMD-68","","","Concluído","","Suporte","Laura Delgado","","","","","uMode/_Clientes/Luiza Barcelos/00_Institucional/_demandas/D-2025-024.md"
"D-2025-025","luiza-barcelos","UMD-69","Reunião de Acompanhamento do Go Light: Automação de Data conforme Status do Calce","casa-cliente","17/04/2025","Concluída","Sim","CX Hub — ID: UMD-69","","","Concluído","","Suporte","Laura Delgado","","","","","uMode/_Clientes/Luiza Barcelos/00_Institucional/_demandas/D-2025-025.md"
"D-2025-026","luiza-barcelos","UMD-95","Grupo Whats Go Light: Ajuste no Mapa de Família","casa-cliente","28/04/2025","Concluída","Sim","CX Hub — ID: UMD-95","","","Concluído","","Configuração","Laura Delgado","","","","","uMode/_Clientes/Luiza Barcelos/00_Institucional/_demandas/D-2025-026.md"
"D-2025-027","luiza-barcelos","UMD-100","Atualmente, o filtro disponível na aba de mapas é pouco prático. Seria muito útil inclu…","casa-cliente","30/04/2025","Concluída","Sim","CX Hub — ID: UMD-100","","","Backlog","","Produto","Pedro Murillo","","","","","uMode/_Clientes/Luiza Barcelos/00_Institucional/_demandas/D-2025-027.md"
"D-2025-028","luiza-barcelos","UMD-102","Sugestão de melhoria no arquivo gerado da Ficha de Combinação, que ainda é impresso. Se…","casa-cliente","30/04/2025","Concluída","Sim","CX Hub — ID: UMD-102","","","Backlog","","Configuração","Pedro Murillo","","","","","uMode/_Clientes/Luiza Barcelos/00_Institucional/_demandas/D-2025-028.md"
"D-2025-029","luiza-barcelos","UMD-96","Inativar Cores que não são da Coleção atual","casa-cliente","07/05/2025","Concluída","Sim","CX Hub — ID: UMD-96","","","Backlog","","Configuração","Laura Delgado","","","","","uMode/_Clientes/Luiza Barcelos/00_Institucional/_demandas/D-2025-029.md"
"D-2025-030","luiza-barcelos","UMD-109","Filtrar itens de produto no mapa por variante: • filtrar fornecedor (campo custom) no m…","casa-cliente","14/05/2025","Concluída","Sim","CX Hub — ID: UMD-109","Operação","Produto | Inovação","Backlog","","Produto","Marina Santoro","Laura Delgado","Aguardando Decisão","","","uMode/_Clientes/Luiza Barcelos/00_Institucional/_demandas/D-2025-030.md"
"D-2025-031","luiza-barcelos","UMD-110","Desejo de preencher versões como “tabela”, sem ter que entrar na tela de versão por versão","casa-cliente","14/05/2025","Concluída","Sim","CX Hub — ID: UMD-110","Operação","Produto | Inovação","Backlog","","Produto","Marina Santoro","Laura Delgado","Aguardando Decisão","","","uMode/_Clientes/Luiza Barcelos/00_Institucional/_demandas/D-2025-031.md"
"D-2025-032","luiza-barcelos","UMD-111","Rever a estrutura das cores, material cor unificado e com a sinalização da coleção","casa-cliente","14/05/2025","Concluída","Sim","CX Hub — ID: UMD-111","","","Concluído","","Suporte","Marina Santoro","Laura Delgado","","","","uMode/_Clientes/Luiza Barcelos/00_Institucional/_demandas/D-2025-032.md"
"D-2025-033","luiza-barcelos","UMD-108","Michelle no Sul: Precisamos ter 2 campos de nf e forma de envio na aba de aprovação. Um…","casa-cliente","15/05/2025","Concluída","Sim","CX Hub — ID: UMD-108","","","Concluído","","Configuração","Marina Santoro","Laura Delgado","","","","uMode/_Clientes/Luiza Barcelos/00_Institucional/_demandas/D-2025-033.md"
"D-2025-034","luiza-barcelos","UMD-113","Relatório base de Gestão de Produto  🚨","casa-cliente","16/05/2025","Concluída","Sim","CX Hub — ID: UMD-113","Tech","Suporte Tech","Concluído","","Relatório","Marina Santoro","","","","","uMode/_Clientes/Luiza Barcelos/00_Institucional/_demandas/D-2025-034.md"
"D-2025-035","luiza-barcelos","UMD-101","⚠️ No filtro atual, não foi encontrada a opção de filtrar utilizando o campo ""Produto -…","casa-cliente","16/05/2025","Concluída","Sim","CX Hub — ID: UMD-101","","","Backlog","","Produto","Pedro Murillo","","","","","uMode/_Clientes/Luiza Barcelos/00_Institucional/_demandas/D-2025-035.md"
"D-2025-036","luiza-barcelos","UMD-365","Ajustar Ação do Campo Família","casa-cliente","05/09/2025","Concluída","Sim","CX Hub — ID: UMD-365","","","Concluído","","Configuração","Laura Delgado","","","","","uMode/_Clientes/Luiza Barcelos/00_Institucional/_demandas/D-2025-036.md"
"D-2025-037","luiza-barcelos","UMD-559","Criar Perfil Fornecedor - Luiza Barcelos","casa-cliente","26/09/2025","Concluída","Sim","CX Hub — ID: UMD-559","Operação","Sem Área","Concluído","","Configuração","Laura Delgado","Laura Delgado, Andrea Holmer","","","","uMode/_Clientes/Luiza Barcelos/00_Institucional/_demandas/D-2025-037.md"
"D-2025-038","luiza-barcelos","UMD-537","Ajuste de macroplan de LINHA","casa-cliente","26/09/2025","Concluída","Sim","CX Hub — ID: UMD-537","Operação","Sem Área","Concluído","","Configuração","Pedro Murillo","Laura Delgado, Andrea Holmer","","","","uMode/_Clientes/Luiza Barcelos/00_Institucional/_demandas/D-2025-038.md"
"D-2025-039","luiza-barcelos","UMD-542","Ajuste do campo “INFORMAÇÃO DE MODA”","casa-cliente","26/09/2025","Concluída","Sim","CX Hub — ID: UMD-542","Operação","Sem Área","Concluído","","Configuração","Andrea Holmer","Andrea Holmer, Laura Delgado","","","","uMode/_Clientes/Luiza Barcelos/00_Institucional/_demandas/D-2025-039.md"
"D-2025-040","luiza-barcelos","UMD-565","Impressão pelo Macbook desconfigurada","casa-cliente","01/10/2025","Concluída","Sim","CX Hub — ID: UMD-565","Operação","Sem Área","Concluído","","Bug","Laura Delgado","Laura Delgado, Andrea Holmer","","","","uMode/_Clientes/Luiza Barcelos/00_Institucional/_demandas/D-2025-040.md"
"D-2025-041","luiza-barcelos","UMD-651","Corrigir ficha de Combinação","casa-cliente","09/10/2025","Concluída","Sim","CX Hub — ID: UMD-651","Operação","Sem Área","Concluído","","Bug","Ana Paula Ramos","Laura Delgado, Andrea Holmer","","","","uMode/_Clientes/Luiza Barcelos/00_Institucional/_demandas/D-2025-041.md"
"D-2025-042","luiza-barcelos","UMD-720","Ajuste da regra de ordenação do Mapa de Impressão de Linha","casa-cliente","27/10/2025","Concluída","Sim","CX Hub — ID: UMD-720","Operação","Sem Área","Concluído","","Configuração","Laura Delgado","Laura Delgado, Andrea Holmer","","","","uMode/_Clientes/Luiza Barcelos/00_Institucional/_demandas/D-2025-042.md"
"D-2025-043","luiza-barcelos","UMD-728","Ajustar acesso do Perfil LB - Admin","casa-cliente","28/10/2025","Concluída","Sim","CX Hub — ID: UMD-728","Operação","Sem Área","Concluído","","Configuração","Laura Delgado","Laura Delgado, Andrea Holmer","","","","uMode/_Clientes/Luiza Barcelos/00_Institucional/_demandas/D-2025-043.md"
"D-2025-044","luiza-barcelos","UMD-67","Reunião de Acompanhamento do Go Light: Gerar Mapa por Envelope","casa-cliente","10/11/2025","Concluída","Sim","CX Hub — ID: UMD-67","Operação","Sem Área","Cancelado","","Configuração","Laura Delgado","Laura Delgado, Andrea Holmer","","","","uMode/_Clientes/Luiza Barcelos/00_Institucional/_demandas/D-2025-044.md"
"D-2025-045","luiza-barcelos","UMD-835","Automações do WorkFlow","casa-cliente","24/11/2025","Concluída","Sim","CX Hub — ID: UMD-835","Operação","Sem Área","Concluído","","Configuração","Laura Delgado","Laura Delgado, Andrea Holmer","","","","uMode/_Clientes/Luiza Barcelos/00_Institucional/_demandas/D-2025-045.md"
"D-2025-046","luiza-barcelos","UMD-833","Ao clicar em uma imagem, abre outra","casa-cliente","24/11/2025","Concluída","Sim","CX Hub — ID: UMD-833","Tech","Suporte Tech","Concluído","","Bug","Ana Paula Ramos","Laura Delgado, Andrea Holmer","","","","uMode/_Clientes/Luiza Barcelos/00_Institucional/_demandas/D-2025-046.md"
"D-2025-047","luiza-barcelos","UMD-854","Liberar Acesso e Vincular Fornecedores","casa-cliente","01/12/2025","Concluída","Sim","CX Hub — ID: UMD-854","","","Concluído","","Configuração","Laura Delgado","","","","","uMode/_Clientes/Luiza Barcelos/00_Institucional/_demandas/D-2025-047.md"
"D-2025-048","luiza-barcelos","UMD-859","Feedback e Possíveis Ajustes Relatório Gestão de de Produto (Reunião 02/12/2025)","casa-cliente","02/12/2025","Concluída","Sim","CX Hub — ID: UMD-859","Tech","Suporte Tech","Cancelado","","Relatório","Laura Delgado","Laura Delgado, Andrea Holmer","","","","uMode/_Clientes/Luiza Barcelos/00_Institucional/_demandas/D-2025-048.md"
"D-2026-001","luiza-barcelos","UMD-960","Ação de Validação para cadastro de Fornecedor","casa-cliente","29/01/2026","Concluída","Sim","CX Hub — ID: UMD-960","Operação","Operação | KA","Cancelado","","Configuração","Laura Delgado","Laura Delgado, Andrea Holmer","Outra — valor legado do Notion: ""Aguardando Time Interno - uMode""","","","uMode/_Clientes/Luiza Barcelos/00_Institucional/_demandas/D-2026-001.md"
"D-2026-002","luiza-barcelos","UMD-1033","Ajuste na automação do Workflow","casa-cliente","24/02/2026","Concluída","Sim","CX Hub — ID: UMD-1033","Operação","Sem Área","Cancelado","","Configuração","Laura Delgado","Laura Delgado, Andrea Holmer","","","","uMode/_Clientes/Luiza Barcelos/00_Institucional/_demandas/D-2026-002.md"
"D-2026-003","luiza-barcelos","UMD-1072","Ficha de Combinação com problema de configuração","casa-cliente","10/03/2026","Concluída","Sim","CX Hub — ID: UMD-1072","","","Concluído","","Suporte","Andrea Holmer","Andrea Holmer, Laura Delgado","","","","uMode/_Clientes/Luiza Barcelos/00_Institucional/_demandas/D-2026-003.md"
"D-2026-004","luiza-barcelos","UMD-1185","Ticiane não está conseguindo criar Beneficiamento.","casa-cliente","10/04/2026","Concluída","Sim","CX Hub — ID: UMD-1185","Operação","Operação | KA","Concluído","","Configuração","Laura Delgado","Laura Delgado, Andrea Holmer","","","","uMode/_Clientes/Luiza Barcelos/00_Institucional/_demandas/D-2026-004.md"
"D-2026-005","luiza-barcelos","UMD-1210","Datas - Erro no preenchimento automático","casa-cliente","20/04/2026","Concluída","Sim","CX Hub — ID: UMD-1210","Operação","Operação | KA","Em Revisão","","Configuração","Andrea Holmer","Laura Delgado","","","","uMode/_Clientes/Luiza Barcelos/00_Institucional/_demandas/D-2026-005.md"
"D-2026-006","luiza-barcelos","UMD-1209","Alterar nome “Status” no filtro do Mapa","casa-cliente","20/04/2026","Concluída","Sim","CX Hub — ID: UMD-1209","","","Concluído","","Configuração","Andrea Holmer","Andrea Holmer, Laura Delgado","","","","uMode/_Clientes/Luiza Barcelos/00_Institucional/_demandas/D-2026-006.md"
"D-2026-007","luiza-barcelos","UMD-1208","Enviar e-mail quando mover produto","casa-cliente","20/04/2026","Concluída","Sim","CX Hub — ID: UMD-1208","","","Análise","","Configuração","Andrea Holmer","Andrea Holmer, Laura Delgado","","","","uMode/_Clientes/Luiza Barcelos/00_Institucional/_demandas/D-2026-007.md"
"D-2026-008","luiza-barcelos","UMD-1224","Filtros Mapa_ Família por Variante","casa-cliente","27/04/2026","Concluída","Sim","CX Hub — ID: UMD-1224","","","Concluído","","Configuração","Andrea Holmer","Andrea Holmer, Laura Delgado","","","","uMode/_Clientes/Luiza Barcelos/00_Institucional/_demandas/D-2026-008.md"
"D-2026-009","luiza-barcelos","UMD-1230","Ficha de impressão de Linha e Enfeite","casa-cliente","28/04/2026","Concluída","Sim","CX Hub — ID: UMD-1230","","","Aguardando Validação","","Configuração","Laura Delgado","","","","","uMode/_Clientes/Luiza Barcelos/00_Institucional/_demandas/D-2026-009.md"
"D-2026-010","luiza-barcelos","UMD-1250","Ativar Fornecedores","casa-cliente","05/05/2026","Concluída","Sim","CX Hub — ID: UMD-1250","Operação","Operação | KA","Concluído","","Configuração","Laura Delgado","Laura Delgado","","","","uMode/_Clientes/Luiza Barcelos/00_Institucional/_demandas/D-2026-010.md"
"D-2026-011","luiza-barcelos","UMD-1262","Ajuste de Macroplan Linha e Família (Solicitação Lucia)","casa-cliente","22/05/2026","Concluída","Sim","CX Hub — ID: UMD-1262","","","Aguardando Validação","","Configuração","Laura Delgado","","","","","uMode/_Clientes/Luiza Barcelos/00_Institucional/_demandas/D-2026-011.md"
"D-2025-001","moda-objetiva","UMD-788","Analisar Planilha de Mix e criar template de importação para importar","casa-cliente","10/11/2025","Concluída","Sim","CX Hub — ID: UMD-788","Operação","Operação | KA","Concluído","","Configuração","Laura Delgado","Laura Delgado, Andrea Holmer","","","","uMode/_Clientes/Moda Objetiva/00_Institucional/_demandas/D-2025-001.md"
"D-2025-002","moda-objetiva","UMD-787","Analisar material que a Carol mandou para ajuste da ficha","casa-cliente","10/11/2025","Concluída","Sim","CX Hub — ID: UMD-787","Operação","Operação | KA","Concluído","","Configuração","Laura Delgado","Laura Delgado, Andrea Holmer","","","","uMode/_Clientes/Moda Objetiva/00_Institucional/_demandas/D-2025-002.md"
"D-2025-003","moda-objetiva","UMD-821","Configurar regra para referência automática - REF FÁBRICA","casa-cliente","18/11/2025","Concluída","Sim","CX Hub — ID: UMD-821","Tech","Suporte Tech","Aguardando Validação","","Configuração","Vanessa Rinaldi","Laura Delgado, Andrea Holmer","","","","uMode/_Clientes/Moda Objetiva/00_Institucional/_demandas/D-2025-003.md"
"D-2025-004","moda-objetiva","UMD-823","Estruturar DE/PARA de campos do Ilimitar","casa-cliente","18/11/2025","Concluída","Sim","CX Hub — ID: UMD-823","","","Em Progresso","","Configuração","Vanessa Rinaldi","","","","","uMode/_Clientes/Moda Objetiva/00_Institucional/_demandas/D-2025-004.md"
"D-2025-005","moda-objetiva","UMD-814","Analise e Inclusão de Campos na Ficha","casa-cliente","18/11/2025","Concluída","Sim","CX Hub — ID: UMD-814","Operação","Operação | KA","Concluído","","Configuração","Vanessa Rinaldi","Laura Delgado, Andrea Holmer","","","","uMode/_Clientes/Moda Objetiva/00_Institucional/_demandas/D-2025-005.md"
"D-2025-006","moda-objetiva","UMD-820","Ajustar PRODUCT TYPE","casa-cliente","18/11/2025","Concluída","Sim","CX Hub — ID: UMD-820","Operação","Sem Área","Concluído","","Configuração","Vanessa Rinaldi","Laura Delgado, Andrea Holmer","","","","uMode/_Clientes/Moda Objetiva/00_Institucional/_demandas/D-2025-006.md"
"D-2025-007","moda-objetiva","UMD-855","Incluir Aba Modelagem","casa-cliente","02/12/2025","Concluída","Sim","CX Hub — ID: UMD-855","Operação","Operação | KA","Concluído","","Configuração","Laura Delgado","Laura Delgado, Andrea Holmer","","","","uMode/_Clientes/Moda Objetiva/00_Institucional/_demandas/D-2025-007.md"
"D-2025-008","moda-objetiva","UMD-864","Incluir aba de Lotes na Ficha de Produto","casa-cliente","04/12/2025","Concluída","Sim","CX Hub — ID: UMD-864","Operação","Operação | KA","Concluído","","Configuração","Vanessa Rinaldi","Laura Delgado, Andrea Holmer","","","","uMode/_Clientes/Moda Objetiva/00_Institucional/_demandas/D-2025-008.md"
"D-2025-009","moda-objetiva","UMD-865","Cobrar cliente lista de “Motivos de Refazer”, “Motivos de Reprovação”, Filtros e Agrupa…","casa-cliente","04/12/2025","Concluída","Sim","CX Hub — ID: UMD-865","Operação","Operação | KA","Concluído","","Configuração","Vanessa Rinaldi","Laura Delgado, Andrea Holmer","","","","uMode/_Clientes/Moda Objetiva/00_Institucional/_demandas/D-2025-009.md"
"D-2025-010","moda-objetiva","UMD-863","Incluir campo Coordenado na aba Informações Gerais","casa-cliente","04/12/2025","Concluída","Sim","CX Hub — ID: UMD-863","Operação","Operação | KA","Concluído","","Configuração","Vanessa Rinaldi","Laura Delgado, Andrea Holmer","","","","uMode/_Clientes/Moda Objetiva/00_Institucional/_demandas/D-2025-010.md"
"D-2025-011","moda-objetiva","UMD-861","Incluir campo “Prioridade” na aba Informações Gerais","casa-cliente","04/12/2025","Concluída","Sim","CX Hub — ID: UMD-861","Operação","Operação | KA","Concluído","","Configuração","Vanessa Rinaldi","Laura Delgado, Andrea Holmer","","","","uMode/_Clientes/Moda Objetiva/00_Institucional/_demandas/D-2025-011.md"
"D-2025-012","moda-objetiva","UMD-862","Avaliar possibilidade de ter um campo custom na aba de Arquivos","casa-cliente","04/12/2025","Concluída","Sim","CX Hub — ID: UMD-862","","","Cancelado","","Produto","Vanessa Rinaldi","","","","","uMode/_Clientes/Moda Objetiva/00_Institucional/_demandas/D-2025-012.md"
"D-2025-013","moda-objetiva","UMD-889","Criar base de Tabela de Medidas","casa-cliente","19/12/2025","Concluída","Sim","CX Hub — ID: UMD-889","Operação","Operação | KA","Concluído","","Configuração","Andrea Holmer","Laura Delgado, Andrea Holmer","","","","uMode/_Clientes/Moda Objetiva/00_Institucional/_demandas/D-2025-013.md"
"D-2026-001","moda-objetiva","UMD-951","Ajustes da Ficha conforme alinhamento do Time.","casa-cliente","26/01/2026","Concluída","Sim","CX Hub — ID: UMD-951","Operação","Operação | KA","Concluído","","Configuração","Laura Delgado","Laura Delgado, Andrea Holmer","","","","uMode/_Clientes/Moda Objetiva/00_Institucional/_demandas/D-2026-001.md"
"D-2026-002","moda-objetiva","UMD-1036","Criar Itens Check List","casa-cliente","02/03/2026","Concluída","Sim","CX Hub — ID: UMD-1036","Operação","Operação | KA","Concluído","","Configuração","Andrea Holmer","Laura Delgado, Andrea Holmer","","","","uMode/_Clientes/Moda Objetiva/00_Institucional/_demandas/D-2026-002.md"
"D-2026-003","moda-objetiva","UMD-1035","Criar regra para prencher Faixas de Preços","casa-cliente","02/03/2026","Concluída","Sim","CX Hub — ID: UMD-1035","Operação","Sem Área","Cancelado","","Configuração","Andrea Holmer","Laura Delgado, Andrea Holmer","","","","uMode/_Clientes/Moda Objetiva/00_Institucional/_demandas/D-2026-003.md"
"D-2026-004","moda-objetiva","UMD-1102","Novos Ajustes da Ficha pós validação com o cliente","casa-cliente","13/03/2026","Concluída","Sim","CX Hub — ID: UMD-1102","Operação","Operação | KA","Concluído","","Configuração","Laura Delgado","Laura Delgado, Andrea Holmer","","","","uMode/_Clientes/Moda Objetiva/00_Institucional/_demandas/D-2026-004.md"
"D-2026-005","moda-objetiva","UMD-1141","Grade no Lote e relacionamento com outras funcionalidades","casa-cliente","26/03/2026","Concluída","Sim","CX Hub — ID: UMD-1141","Operação","Sem Área","Concluído","","Configuração","Laura Delgado","Laura Delgado, Andrea Holmer","","","","uMode/_Clientes/Moda Objetiva/00_Institucional/_demandas/D-2026-005.md"
"D-2026-006","moda-objetiva","UMD-1140","Composição","casa-cliente","26/03/2026","Concluída","Sim","CX Hub — ID: UMD-1140","Operação","Sem Área","Concluído","","Configuração","Laura Delgado","Laura Delgado, Andrea Holmer","","","","uMode/_Clientes/Moda Objetiva/00_Institucional/_demandas/D-2026-006.md"
"D-2026-007","moda-objetiva","UMD-1183","Ajustes Ficha de Estampa","casa-cliente","09/04/2026","Concluída","Sim","CX Hub — ID: UMD-1183","Operação","Sem Área","Concluído","","Configuração","Andrea Holmer","Laura Delgado, Andrea Holmer","","","","uMode/_Clientes/Moda Objetiva/00_Institucional/_demandas/D-2026-007.md"
"D-2026-008","moda-objetiva","UMD-1184","Ajustar Lista de Seleção","casa-cliente","09/04/2026","Concluída","Sim","CX Hub — ID: UMD-1184","Operação","Sem Área","Concluído","","Configuração","Andrea Holmer","Laura Delgado, Andrea Holmer","","","","uMode/_Clientes/Moda Objetiva/00_Institucional/_demandas/D-2026-008.md"
"D-2026-009","moda-objetiva","UMD-1181","Incluir Campo Consumo (m)","casa-cliente","09/04/2026","Concluída","Sim","CX Hub — ID: UMD-1181","Operação","Sem Área","Concluído","","Configuração","Andrea Holmer","Laura Delgado, Andrea Holmer","","","","uMode/_Clientes/Moda Objetiva/00_Institucional/_demandas/D-2026-009.md"
"D-2026-010","moda-objetiva","UMD-1182","Incluir Campo Assist Modelagem","casa-cliente","09/04/2026","Concluída","Sim","CX Hub — ID: UMD-1182","Operação","Sem Área","Concluído","","Configuração","Andrea Holmer","Laura Delgado, Andrea Holmer","","","","uMode/_Clientes/Moda Objetiva/00_Institucional/_demandas/D-2026-010.md"
"D-2026-011","moda-objetiva","UMD-1199","Ajustar Itens Check List","casa-cliente","16/04/2026","Concluída","Sim","CX Hub — ID: UMD-1199","Operação","Operação | KA","Concluído","","Configuração","Andrea Holmer","Laura Delgado, Andrea Holmer","","","","uMode/_Clientes/Moda Objetiva/00_Institucional/_demandas/D-2026-011.md"
"D-2026-012","moda-objetiva","UMD-1233","Configurar Cronograma INV27","casa-cliente","28/04/2026","Concluída","Sim","CX Hub — ID: UMD-1233","Operação","Operação | KA","Aguardando Validação","","Configuração","Andrea Holmer","Laura Delgado, Andrea Holmer","","","","uMode/_Clientes/Moda Objetiva/00_Institucional/_demandas/D-2026-012.md"
"D-2026-013","moda-objetiva","UMD-1225","EAN_Integração","casa-cliente","28/04/2026","Concluída","Sim","CX Hub — ID: UMD-1225","Operação","Operação | KA","Aguardando Validação","","Integração","Andrea Holmer","Laura Delgado, Andrea Holmer","","","","uMode/_Clientes/Moda Objetiva/00_Institucional/_demandas/D-2026-013.md"
"D-2026-014","moda-objetiva","UMD-1236","Composição do Pré-custo com Material duplicado (local de aplicação diferente)","casa-cliente","29/04/2026","Concluída","Sim","CX Hub — ID: UMD-1236","Operação","Sem Área","Concluído","","Configuração","Andrea Holmer","Laura Delgado, Andrea Holmer","","","","uMode/_Clientes/Moda Objetiva/00_Institucional/_demandas/D-2026-014.md"
"D-2026-015","moda-objetiva","UMD-1241","Avaliar cálculos na Aba de Custos (Custos Terceiros)","casa-cliente","30/04/2026","Concluída","Sim","CX Hub — ID: UMD-1241","","","Concluído","","Configuração","Laura Delgado","","","","","uMode/_Clientes/Moda Objetiva/00_Institucional/_demandas/D-2026-015.md"
"D-2026-016","moda-objetiva","UMD-1244","Hierarquia de Campos - Grupo, Categoria e Tipo de produto","casa-cliente","04/05/2026","Concluída","Sim","CX Hub — ID: UMD-1244","","","Concluído","","Configuração","Laura Delgado","","","","","uMode/_Clientes/Moda Objetiva/00_Institucional/_demandas/D-2026-016.md"
"D-2026-017","moda-objetiva","UMD-1242","Concatenação dos Campos na Ficha - FABRICA e TERCEIROS","casa-cliente","04/05/2026","Concluída","Sim","CX Hub — ID: UMD-1242","","","Aguardando Validação","","Configuração","Laura Delgado","","","","","uMode/_Clientes/Moda Objetiva/00_Institucional/_demandas/D-2026-017.md"
"D-2026-018","moda-objetiva","UMD-1247","Hierarquia de Campos - Licenciador, Universo e Personagem","casa-cliente","05/05/2026","Concluída","Sim","CX Hub — ID: UMD-1247","","","Concluído","","Configuração","Laura Delgado","","","","","uMode/_Clientes/Moda Objetiva/00_Institucional/_demandas/D-2026-018.md"
"D-2026-019","moda-objetiva","UMD-1255","Ficha de Impressão - Silk e Rapport","casa-cliente","11/05/2026","Concluída","Sim","CX Hub — ID: UMD-1255","Operação","Operação | KA","Concluído","","Configuração","Laura Delgado","Laura Delgado","","","","uMode/_Clientes/Moda Objetiva/00_Institucional/_demandas/D-2026-019.md"
"D-2026-020","moda-objetiva","UMD-1261","Workflow","casa-cliente","14/05/2026","Concluída","Sim","CX Hub — ID: UMD-1261","","","Backlog","","Configuração","Laura Delgado","","","","","uMode/_Clientes/Moda Objetiva/00_Institucional/_demandas/D-2026-020.md"
"D-2026-021","moda-objetiva","UMD-1260","Configurar tempos médios de processos produtivos para cálculo pré-custo","casa-cliente","14/05/2026","Concluída","Sim","CX Hub — ID: UMD-1260","","","Concluído","","Configuração","Vanessa Rinaldi","","","","","uMode/_Clientes/Moda Objetiva/00_Institucional/_demandas/D-2026-021.md"
"D-2024-001","nk-store","UMD-18","Incluir aprovação tipo ‘Lacre’","casa-cliente","12/12/2024","Concluída","Sim","CX Hub — ID: UMD-18","","","Concluído","","Configuração","Marina Santoro","","","","","uMode/_Clientes/NK STORE/00_Institucional/_demandas/D-2024-001.md"
"D-2024-002","nk-store","UMD-17","Levar campo de “status amostra” para aba de aprovações","casa-cliente","12/12/2024","Concluída","Sim","CX Hub — ID: UMD-17","","","Concluído","","Suporte","Marina Santoro","","","","","uMode/_Clientes/NK STORE/00_Institucional/_demandas/D-2024-002.md"
"D-2024-003","nk-store","UMD-16","Incluir campo de ‘observação’ na aba de beneficiamento","casa-cliente","12/12/2024","Concluída","Sim","CX Hub — ID: UMD-16","","","Cancelado","","Configuração","Marina Santoro","","","","","uMode/_Clientes/NK STORE/00_Institucional/_demandas/D-2024-003.md"
"D-2024-004","nk-store","UMD-21","Ajustar layout da ficha de desenvolvimento","casa-cliente","12/12/2024","Concluída","Sim","CX Hub — ID: UMD-21","","","Concluído","","Suporte","Marina Santoro","","","","","uMode/_Clientes/NK STORE/00_Institucional/_demandas/D-2024-004.md"
"D-2024-005","nk-store","UMD-20","Compartilhar base de uploads padrão uMode com time Tech NK","casa-cliente","12/12/2024","Concluída","Sim","CX Hub — ID: UMD-20","","","Concluído","","Configuração","Marina Santoro","","","","","uMode/_Clientes/NK STORE/00_Institucional/_demandas/D-2024-005.md"
"D-2024-006","nk-store","UMD-19","Não ter que preencher a coleção na ficha porque já colocou o produto na ‘pasta’ certa","casa-cliente","12/12/2024","Concluída","Sim","CX Hub — ID: UMD-19","","","Concluído","","Suporte","Marina Santoro","","","","","uMode/_Clientes/NK STORE/00_Institucional/_demandas/D-2024-006.md"
"D-2024-007","nk-store","UMD-12","Atualizar campo “familia” de texto para seleção","casa-cliente","12/12/2024","Concluída","Sim","CX Hub — ID: UMD-12","","","Concluído","","Suporte","Marina Santoro","","","","","uMode/_Clientes/NK STORE/00_Institucional/_demandas/D-2024-007.md"
"D-2024-008","nk-store","UMD-11","Criar campo para sinalizar se é produto piloto e produção","casa-cliente","12/12/2024","Concluída","Sim","CX Hub — ID: UMD-11","","","Concluído","","Configuração","Marina Santoro","","","","","uMode/_Clientes/NK STORE/00_Institucional/_demandas/D-2024-008.md"
"D-2024-009","nk-store","UMD-10","Alterar perfil ‘time’ para ‘compras’","casa-cliente","12/12/2024","Concluída","Sim","CX Hub — ID: UMD-10","","","Concluído","","Suporte","Marina Santoro","","","","","uMode/_Clientes/NK STORE/00_Institucional/_demandas/D-2024-009.md"
"D-2024-010","nk-store","UMD-15","Inativar cores conforme lista da Cris","casa-cliente","12/12/2024","Concluída","Sim","CX Hub — ID: UMD-15","","","Concluído","","Configuração","Marina Santoro","","","","","uMode/_Clientes/NK STORE/00_Institucional/_demandas/D-2024-010.md"
"D-2024-011","nk-store","UMD-14","Incluir campos para Aposta:","casa-cliente","12/12/2024","Concluída","Sim","CX Hub — ID: UMD-14","","","Cancelado","","Configuração","Marina Santoro","","","","","uMode/_Clientes/NK STORE/00_Institucional/_demandas/D-2024-011.md"
"D-2024-012","nk-store","UMD-13","Atualizar lista do campo “família”","casa-cliente","12/12/2024","Concluída","Sim","CX Hub — ID: UMD-13","","","Concluído","","Suporte","Marina Santoro","","","","","uMode/_Clientes/NK STORE/00_Institucional/_demandas/D-2024-012.md"
"D-2024-013","nk-store","UMD-23","Cadastrar opção de matéria-prima: “tecido indefinido”","casa-cliente","18/12/2024","Concluída","Sim","CX Hub — ID: UMD-23","","","Cancelado","","Configuração","Marina Santoro","","","","","uMode/_Clientes/NK STORE/00_Institucional/_demandas/D-2024-013.md"
"D-2024-014","nk-store","UMD-22","Cadastrar opção de matéria-prima: “aviamento indefinido”","casa-cliente","18/12/2024","Concluída","Sim","CX Hub — ID: UMD-22","","","Concluído","","Configuração","Marina Santoro","","","","","uMode/_Clientes/NK STORE/00_Institucional/_demandas/D-2024-014.md"
"D-2024-015","nk-store","UMD-27","Automatizar o preenchimento do fornecedor para NK Oficina quando a griffe for NK Oficina","casa-cliente","19/12/2024","Concluída","Sim","CX Hub — ID: UMD-27","Operação","Sem Área","Concluído","","Configuração","Marina Santoro","","","","","uMode/_Clientes/NK STORE/00_Institucional/_demandas/D-2024-015.md"
"D-2024-016","nk-store","UMD-28","Gostariam de ordenar os materiais empenhado na ficha de outra forma, sinalizaram que é…","casa-cliente","19/12/2024","Concluída","Sim","CX Hub — ID: UMD-28","","","Cancelado","","Melhoria","Marina Santoro","","","","","uMode/_Clientes/NK STORE/00_Institucional/_demandas/D-2024-016.md"
"D-2024-017","nk-store","UMD-29","Possibilidade de ordenação no mapa","casa-cliente","19/12/2024","Concluída","Sim","CX Hub — ID: UMD-29","","","Cancelado","","Configuração","Marina Santoro","","","","","uMode/_Clientes/NK STORE/00_Institucional/_demandas/D-2024-017.md"
"D-2024-018","nk-store","UMD-24","Desejo de liberar alteração de matéria-prima já empenhada no produto. Atualizar a ficha…","casa-cliente","19/12/2024","Concluída","Sim","CX Hub — ID: UMD-24","","","Cancelado","","Melhoria","Marina Santoro","","","","","uMode/_Clientes/NK STORE/00_Institucional/_demandas/D-2024-018.md"
"D-2024-019","nk-store","UMD-25","Atualizar lista do campo “família” - incluir FATETÁ","casa-cliente","19/12/2024","Concluída","Sim","CX Hub — ID: UMD-25","","","Concluído","","Suporte","Marina Santoro","","","","","uMode/_Clientes/NK STORE/00_Institucional/_demandas/D-2024-019.md"
"D-2024-020","nk-store","UMD-26","Ao criar um novo ‘local de aplicação’ as informações da matéria-prima já preenchidas se…","casa-cliente","19/12/2024","Concluída","Sim","CX Hub — ID: UMD-26","","","Cancelado","","Melhoria","Marina Santoro","","","","","uMode/_Clientes/NK STORE/00_Institucional/_demandas/D-2024-020.md"
"D-2025-001","nk-store","UMD-33","Incluir campo de status variante (ATIVO, INATIVO)","casa-cliente","24/01/2025","Concluída","Sim","CX Hub — ID: UMD-33","","","Concluído","","Configuração","Marina Santoro","","","","","uMode/_Clientes/NK STORE/00_Institucional/_demandas/D-2025-001.md"
"D-2025-002","nk-store","UMD-34","Devolutiva do e-mail da Modelagem e PCP","casa-cliente","24/01/2025","Concluída","Sim","CX Hub — ID: UMD-34","","","Concluído","","Suporte","Marina Santoro","","","","","uMode/_Clientes/NK STORE/00_Institucional/_demandas/D-2025-002.md"
"D-2025-003","nk-store","UMD-31","Rascunhar macroplan “pedido de compras”","casa-cliente","24/01/2025","Concluída","Sim","CX Hub — ID: UMD-31","","","Cancelado","","Configuração","Marina Santoro","","","","","uMode/_Clientes/NK STORE/00_Institucional/_demandas/D-2025-003.md"
"D-2025-004","nk-store","UMD-32","Configurar email umode com cancelados","casa-cliente","24/01/2025","Concluída","Sim","CX Hub — ID: UMD-32","Operação","Sem Área","Concluído","","Configuração","Marina Santoro","","","","","uMode/_Clientes/NK STORE/00_Institucional/_demandas/D-2025-004.md"
"D-2025-005","nk-store","UMD-397","Acompanhamento do Go Light: Revisar os status NK","casa-cliente","25/02/2025","Concluída","Sim","CX Hub — ID: UMD-397","","","Concluído","","Melhoria","Marina Santoro","","","","","uMode/_Clientes/NK STORE/00_Institucional/_demandas/D-2025-005.md"
"D-2025-006","nk-store","UMD-52","Acompanhamento do Go Light: Revisar o layout da ficha de relatorio de prova","casa-cliente","25/02/2025","Concluída","Sim","CX Hub — ID: UMD-52","","","Concluído","","Suporte","Marina Santoro","","","","","uMode/_Clientes/NK STORE/00_Institucional/_demandas/D-2025-006.md"
"D-2025-007","nk-store","UMD-58","Acompanhamento do Go Light: Books","casa-cliente","06/03/2025","Concluída","Sim","CX Hub — ID: UMD-58","","","Concluído","","Configuração","Marina Santoro","","","","","uMode/_Clientes/NK STORE/00_Institucional/_demandas/D-2025-007.md"
"D-2025-008","nk-store","UMD-57","Acompanhamento do Go Light: Alterar ficha de produto incluindo imagem do modelo com ref…","casa-cliente","10/03/2025","Concluída","Sim","CX Hub — ID: UMD-57","","","Concluído","","Configuração","Marina Santoro","","","","","uMode/_Clientes/NK STORE/00_Institucional/_demandas/D-2025-008.md"
"D-2025-009","nk-store","UMD-56","Acompanhamento do Go Light: Atualizar tabelas de medidas","casa-cliente","10/03/2025","Concluída","Sim","CX Hub — ID: UMD-56","","","Cancelado","","Suporte","Marina Santoro","","","","","uMode/_Clientes/NK STORE/00_Institucional/_demandas/D-2025-009.md"
"D-2025-010","nk-store","UMD-59","Acompanhamento do Go Light: Agenda com planejamento - criar campo “Agrupamento” com opç…","casa-cliente","12/03/2025","Concluída","Sim","CX Hub — ID: UMD-59","","","Concluído","","Configuração","Marina Santoro","","","","","uMode/_Clientes/NK STORE/00_Institucional/_demandas/D-2025-010.md"
"D-2025-011","nk-store","UMD-87","Criar nova ficha de impressão “Ficha de Modelagem","casa-cliente","28/04/2025","Concluída","Sim","CX Hub — ID: UMD-87","Operação","Sem Área","Concluído","","Suporte","Julianne Rodrigues","","","","","uMode/_Clientes/NK STORE/00_Institucional/_demandas/D-2025-011.md"
"D-2025-012","nk-store","UMD-107","Relatório de MP","casa-cliente","02/05/2025","Concluída","Sim","CX Hub — ID: UMD-107","","","Concluído","","Relatório","Marina Santoro","Julianne Rodrigues","","","","uMode/_Clientes/NK STORE/00_Institucional/_demandas/D-2025-012.md"
"D-2025-013","nk-store","UMD-99","Via chat, colaboradora solicitou a inclusão de um filtro de para não ver as fichas copi…","casa-cliente","06/05/2025","Concluída","Sim","CX Hub — ID: UMD-99","Operação","Produto | Inovação","Cancelado","","Melhoria","Pedro Murillo","","","","","uMode/_Clientes/NK STORE/00_Institucional/_demandas/D-2025-013.md"
"D-2025-014","nk-store","UMD-124","Relatório/view : View matéria prima de mostruário por coleção https://miro.com/app/boar…","casa-cliente","09/05/2025","Concluída","Sim","CX Hub — ID: UMD-124","Operação","Sem Área","Concluído","","Relatório","Julianne Rodrigues","","","","","uMode/_Clientes/NK STORE/00_Institucional/_demandas/D-2025-014.md"
"D-2025-015","nk-store","UMD-120","Configurar 2 macroplans","casa-cliente","09/05/2025","Concluída","Sim","CX Hub — ID: UMD-120","Operação","Sem Área","Cancelado","","Melhoria","Julianne Rodrigues","","","","","uMode/_Clientes/NK STORE/00_Institucional/_demandas/D-2025-015.md"
"D-2025-016","nk-store","UMD-97","Via chat, colaborada informou que gostaria de um filtro na aba de tarefas.","casa-cliente","14/05/2025","Concluída","Sim","CX Hub — ID: UMD-97","Operação","Produto | Inovação","Cancelado","","Melhoria","Pedro Murillo","","","","","uMode/_Clientes/NK STORE/00_Institucional/_demandas/D-2025-016.md"
"D-2025-017","nk-store","UMD-663","Relatório base de Gestão de Produto","casa-cliente","16/05/2025","Concluída","Sim","CX Hub — ID: UMD-663","Operação","Produto | Inovação","Concluído","","Relatório","Marina Santoro","","","","","uMode/_Clientes/NK STORE/00_Institucional/_demandas/D-2025-017.md"
"D-2025-018","nk-store","UMD-185","Outputs compras e esqueleto - reunião presencial com Van e Sandro: Esquelet","casa-cliente","06/06/2025","Concluída","Sim","CX Hub — ID: UMD-185","Operação","Sem Área","Cancelado","","Configuração","Julianne Rodrigues","Julianne Rodrigues, Pedro Murillo","","","","uMode/_Clientes/NK STORE/00_Institucional/_demandas/D-2025-018.md"
"D-2025-019","nk-store","UMD-128","Incluir campos:  mkp varejo,mkp atacado,comentários e clusterização","casa-cliente","06/06/2025","Concluída","Sim","CX Hub — ID: UMD-128","Operação","Sem Área","Concluído","","Configuração","Julianne Rodrigues","","","","","uMode/_Clientes/NK STORE/00_Institucional/_demandas/D-2025-019.md"
"D-2025-020","nk-store","UMD-760","Materiais: alterar campo da largura do tecido","casa-cliente","12/06/2025","Concluída","Sim","CX Hub — ID: UMD-760","","","Concluído","","Integração","Marina Santoro","Julianne Rodrigues","","RFI-2025-001","","uMode/_Clientes/NK STORE/00_Institucional/_demandas/D-2025-020.md"
"D-2025-021","nk-store","UMD-143","Acrescentar campos a view de MP:Status->Status do produto Coleção-> coleção collection…","casa-cliente","20/06/2025","Concluída","Sim","CX Hub — ID: UMD-143","Operação","Sem Área","Concluído","","Configuração","Julianne Rodrigues","Julianne Rodrigues, Pedro Murillo","","","","uMode/_Clientes/NK STORE/00_Institucional/_demandas/D-2025-021.md"
"D-2025-022","nk-store","UMD-181","Bloquear o envio de notificações das tarefas por email para o perfil NK COMPRAS.","casa-cliente","20/06/2025","Concluída","Sim","CX Hub — ID: UMD-181","Operação","Sem Área","Cancelado","","Configuração","Julianne Rodrigues","","","","","uMode/_Clientes/NK STORE/00_Institucional/_demandas/D-2025-022.md"
"D-2025-023","nk-store","UMD-764","Criação de referência de produto","casa-cliente","29/07/2025","Concluída","Sim","CX Hub — ID: UMD-764","","","Concluído","","Integração","Marina Santoro","Julianne Rodrigues","","RFI-2025-001","","uMode/_Clientes/NK STORE/00_Institucional/_demandas/D-2025-023.md"
"D-2025-024","nk-store","UMD-184","Ajustar o calculo do IPI COURO, é  só sobre o fornecedor (fabricantes rel custo).","casa-cliente","01/08/2025","Concluída","Sim","CX Hub — ID: UMD-184","Operação","Sem Área","Cancelado","","Suporte","Julianne Rodrigues","","","","","uMode/_Clientes/NK STORE/00_Institucional/_demandas/D-2025-024.md"
"D-2025-025","nk-store","UMD-186","Campos novos para template de PA (FORNECEDOR): Peso do produto em kg? , Campo de compos…","casa-cliente","01/08/2025","Concluída","Sim","CX Hub — ID: UMD-186","Operação","Sem Área","Concluído","","Configuração","Julianne Rodrigues","","","","","uMode/_Clientes/NK STORE/00_Institucional/_demandas/D-2025-025.md"
"D-2025-026","nk-store","UMD-763","Ficha Técnica: incluir campo de material principal","casa-cliente","13/08/2025","Concluída","Sim","CX Hub — ID: UMD-763","","","Concluído","","Integração","Marina Santoro","Julianne Rodrigues","","RFI-2025-001","","uMode/_Clientes/NK STORE/00_Institucional/_demandas/D-2025-026.md"
"D-2025-027","nk-store","UMD-761","3 - Materiais: custo de coenizados","casa-cliente","13/08/2025","Concluída","Sim","CX Hub — ID: UMD-761","Tech","Suporte Tech","Concluído","","Integração","Marina Santoro","Julianne Rodrigues","","RFI-2025-001","","uMode/_Clientes/NK STORE/00_Institucional/_demandas/D-2025-027.md"
"D-2025-028","nk-store","UMD-762","Ficha Técnica: incluir campo de percentual de consumo","casa-cliente","13/08/2025","Concluída","Sim","CX Hub — ID: UMD-762","","","Concluído","","Integração","Marina Santoro","Julianne Rodrigues","","RFI-2025-001","","uMode/_Clientes/NK STORE/00_Institucional/_demandas/D-2025-028.md"
"D-2025-029","nk-store","UMD-768","Ficha Técnica: limitar a 1 material com a flag de material principal","casa-cliente","13/08/2025","Concluída","Sim","CX Hub — ID: UMD-768","Operação","Sem Área","Concluído","","Integração","Marina Santoro","Julianne Rodrigues","","RFI-2025-003","","uMode/_Clientes/NK STORE/00_Institucional/_demandas/D-2025-029.md"
"D-2025-030","nk-store","UMD-765","1- Rota - Custo Costura","casa-cliente","13/08/2025","Concluída","Sim","CX Hub — ID: UMD-765","Tech","Suporte Tech","Concluído","","Integração","Marina Santoro","Julianne Rodrigues","","RFI-2025-001","","uMode/_Clientes/NK STORE/00_Institucional/_demandas/D-2025-030.md"
"D-2025-031","nk-store","UMD-771","2 - Rota - Demais Custos","casa-cliente","13/08/2025","Concluída","Sim","CX Hub — ID: UMD-771","Tech","Suporte Tech","Concluído","","Integração","Marina Santoro","Julianne Rodrigues","","RFI-2025-001","","uMode/_Clientes/NK STORE/00_Institucional/_demandas/D-2025-031.md"
"D-2025-032","nk-store","UMD-978","Novo perfill ecom  - Tabela de medidas e validação","casa-cliente","13/08/2025","Concluída","Sim","CX Hub — ID: UMD-978","Operação","Sem Área","Concluído","","Configuração","Julianne Rodrigues","Julianne Rodrigues","","RFI-2025-001","","uMode/_Clientes/NK STORE/00_Institucional/_demandas/D-2025-032.md"
"D-2025-033","nk-store","UMD-770","Atualizar campo INATIVO da tabela PRODUTO_COR quando a variante for cancelada","casa-cliente","13/08/2025","Concluída","Sim","CX Hub — ID: UMD-770","Tech","Suporte Tech","Concluído","","Integração","Marina Santoro","Julianne Rodrigues","","RFI-2025-003","","uMode/_Clientes/NK STORE/00_Institucional/_demandas/D-2025-033.md"
"D-2025-034","nk-store","UMD-766","Alterar cálculo do PRECO 04 com IPI quando TIPO = COURO","casa-cliente","13/08/2025","Concluída","Sim","CX Hub — ID: UMD-766","Tech","Suporte Tech","Concluído","","Integração","Marina Santoro","Julianne Rodrigues","","RFI-2025-001","","uMode/_Clientes/NK STORE/00_Institucional/_demandas/D-2025-034.md"
"D-2025-035","nk-store","UMD-767","Integração - Tabela de medidas","casa-cliente","13/08/2025","Concluída","Sim","CX Hub — ID: UMD-767","Tech","Suporte Tech","Concluído","","Integração","Marina Santoro","Julianne Rodrigues","","RFI-2025-001","","uMode/_Clientes/NK STORE/00_Institucional/_demandas/D-2025-035.md"
"D-2025-036","nk-store","UMD-346","Workflow pcp e estilo","casa-cliente","15/08/2025","Concluída","Sim","CX Hub — ID: UMD-346","Operação","Sem Área","Cancelado","","Configuração","Julianne Rodrigues","Julianne Rodrigues, Pedro Murillo","","","","uMode/_Clientes/NK STORE/00_Institucional/_demandas/D-2025-036.md"
"D-2025-037","nk-store","UMD-199","Adicionar o campo composição do material na coluna de empenho","casa-cliente","15/08/2025","Concluída","Sim","CX Hub — ID: UMD-199","Operação","Sem Área","Concluído","","Suporte","Julianne Rodrigues","","","","","uMode/_Clientes/NK STORE/00_Institucional/_demandas/D-2025-037.md"
"D-2025-038","nk-store","UMD-201","View MP - Acrescentar 2 abas com o somatório","casa-cliente","22/08/2025","Concluída","Sim","CX Hub — ID: UMD-201","Tech","Suporte Tech","Backlog","","Relatório","Julianne Rodrigues","Julianne Rodrigues","Aguardando Cliente","RFI-2025-002","","uMode/_Clientes/NK STORE/00_Institucional/_demandas/D-2025-038.md"
"D-2025-039","nk-store","UMD-348","Incluir campo para comentários do line por produto aba comentários do line - Comentário…","casa-cliente","29/08/2025","Concluída","Sim","CX Hub — ID: UMD-348","Operação","Sem Área","Concluído","","Configuração","Julianne Rodrigues","","","","","uMode/_Clientes/NK STORE/00_Institucional/_demandas/D-2025-039.md"
"D-2025-040","nk-store","UMD-451","Subir o calendário da NK na uMode","casa-cliente","05/09/2025","Concluída","Sim","CX Hub — ID: UMD-451","Operação","Sem Área","Backlog","","Suporte","Julianne Rodrigues","Julianne Rodrigues, Pedro Murillo","Outra — valor legado do Notion: ""Aguardando Time Interno - uMode""","","","uMode/_Clientes/NK STORE/00_Institucional/_demandas/D-2025-040.md"
"D-2025-041","nk-store","UMD-437","Travar  a edição de cores, grade e materiais empenhados ficha após o Status do produto…","casa-cliente","17/09/2025","Concluída","Sim","CX Hub — ID: UMD-437","Operação","Sem Área","Concluído","","Configuração","Victor Aragão","Julianne Rodrigues, Pedro Murillo, Williem Berg Oliveira","","","","uMode/_Clientes/NK STORE/00_Institucional/_demandas/D-2025-041.md"
"D-2025-042","nk-store","UMD-769","Mensagem do Linx: Recalcular as ordens de produção em andamento","casa-cliente","17/09/2025","Concluída","Sim","CX Hub — ID: UMD-769","Tech","Suporte Tech","Concluído","","Integração","Marina Santoro","Julianne Rodrigues","","RFI-2026-003","","uMode/_Clientes/NK STORE/00_Institucional/_demandas/D-2025-042.md"
"D-2025-043","nk-store","UMD-453","LIMPEZA DO CAMPO “LOCAL DE APLICAÇÃO”","casa-cliente","17/09/2025","Concluída","Sim","CX Hub — ID: UMD-453","Operação","Sem Área","Concluído","","Suporte","Pedro Murillo","Pedro Murillo, Julianne Rodrigues","","","","uMode/_Clientes/NK STORE/00_Institucional/_demandas/D-2025-043.md"
"D-2025-044","nk-store","UMD-438","CUSTO TOTAL FORNECEDOR ZERADO","casa-cliente","17/09/2025","Concluída","Sim","CX Hub — ID: UMD-438","Tech","Suporte Tech","Concluído","","Bug","Victor Aragão","Pedro Murillo, Julianne Rodrigues","Outra — valor legado do Notion: ""Aguardando Recurso Especial""","","","uMode/_Clientes/NK STORE/00_Institucional/_demandas/D-2025-044.md"
"D-2025-045","nk-store","UMD-519","Configurar template de impressão “OFICINAS NKO”","casa-cliente","19/09/2025","Concluída","Sim","CX Hub — ID: UMD-519","Operação","Operação | KA","Concluído","","Configuração","Julianne Rodrigues","Julianne Rodrigues, Pedro Murillo","","","","uMode/_Clientes/NK STORE/00_Institucional/_demandas/D-2025-045.md"
"D-2025-046","nk-store","UMD-657","Adicionar um campo na view de MP “Tipo de entrada”","casa-cliente","10/10/2025","Concluída","Sim","CX Hub — ID: UMD-657","Operação","Sem Área","Concluído","","Suporte","Julianne Rodrigues","Julianne Rodrigues, Pedro Murillo","","","","uMode/_Clientes/NK STORE/00_Institucional/_demandas/D-2025-046.md"
"D-2025-047","nk-store","UMD-743","Configurar o perfil de acesso fornecedores: custom/griffe: NK FORNECEDOR  (NKF)","casa-cliente","31/10/2025","Concluída","Sim","CX Hub — ID: UMD-743","Operação","Sem Área","Concluído","Média","Configuração","Julianne Rodrigues","Julianne Rodrigues","","","","uMode/_Clientes/NK STORE/00_Institucional/_demandas/D-2025-047.md"
"D-2025-048","nk-store","UMD-742","Erro ou falta atualização: opção do campo Família não aparece na view e ao filtrar algu…","casa-cliente","31/10/2025","Concluída","Sim","CX Hub — ID: UMD-742","Operação","Sem Área","Concluído","","Suporte","Julianne Rodrigues","","","","","uMode/_Clientes/NK STORE/00_Institucional/_demandas/D-2025-048.md"
"D-2025-049","nk-store","UMD-1054","Inclusão de propriedade Linx na integração de escrita","casa-cliente","25/11/2025","Concluída","Sim","CX Hub — ID: UMD-1054","Operação","Sem Área","Concluído","","Integração","Marina Santoro","Julianne Rodrigues","","RFI-2025-004","","uMode/_Clientes/NK STORE/00_Institucional/_demandas/D-2025-049.md"
"D-2025-050","nk-store","UMD-838","Integração NK","casa-cliente","25/11/2025","Concluída","Sim","CX Hub — ID: UMD-838","Tech","Suporte Tech","Cancelado","","Integração","Victor Aragão","","","","","uMode/_Clientes/NK STORE/00_Institucional/_demandas/D-2025-050.md"
"D-2025-051","nk-store","UMD-842","2º Book estilo - atacado","casa-cliente","26/11/2025","Concluída","Sim","CX Hub — ID: UMD-842","Operação","Sem Área","Análise","","Configuração","Julianne Rodrigues","Julianne Rodrigues, Pedro Murillo","","","","uMode/_Clientes/NK STORE/00_Institucional/_demandas/D-2025-051.md"
"D-2025-052","nk-store","UMD-947","Acrescentar campos na view","casa-cliente","19/12/2025","Concluída","Sim","CX Hub — ID: UMD-947","Tech","Suporte Tech","Backlog","","Integração","Julianne Rodrigues","Julianne Rodrigues","Aguardando Decisão","RFI-2026-001","","uMode/_Clientes/NK STORE/00_Institucional/_demandas/D-2025-052.md"
"D-2026-001","nk-store","UMD-973","Custo divergente entre uMode e Linx","casa-cliente","29/01/2026","Concluída","Sim","CX Hub — ID: UMD-973","Tech","Suporte Tech","Concluído","","Integração","Marina Santoro","Julianne Rodrigues","","","","uMode/_Clientes/NK STORE/00_Institucional/_demandas/D-2026-001.md"
"D-2026-002","nk-store","UMD-1055","Insert e update dos campos COD_CATEGORIA e PERIODO_PCP no Linx","casa-cliente","19/02/2026","Concluída","Sim","CX Hub — ID: UMD-1055","Tech","Suporte Tech","Concluído","","Integração","Marina Santoro","Julianne Rodrigues","","RFI-2026-002","","uMode/_Clientes/NK STORE/00_Institucional/_demandas/D-2026-002.md"
"D-2026-003","nk-store","UMD-1111","Novo campo categorização de tecido e integrar campo","casa-cliente","24/02/2026","Concluída","Sim","CX Hub — ID: UMD-1111","Tech","Suporte Tech","Concluído","","Integração","Julianne Rodrigues","Julianne Rodrigues","","RFI-2025-004","","uMode/_Clientes/NK STORE/00_Institucional/_demandas/D-2026-003.md"
"D-2026-004","nk-store","UMD-1027","Fator de conversão não integrou","casa-cliente","26/02/2026","Concluída","Sim","CX Hub — ID: UMD-1027","Tech","Suporte Tech","Concluído","","Integração","Ana Paula Ramos","Julianne Rodrigues","","","","uMode/_Clientes/NK STORE/00_Institucional/_demandas/D-2026-004.md"
"D-2026-005","nk-store","UMD-1029","Custo do produto não está calculando para NKA ATELIER","casa-cliente","27/02/2026","Concluída","Sim","CX Hub — ID: UMD-1029","Operação","Sem Área","Concluído","","Integração","Julianne Rodrigues","Julianne Rodrigues","","","","uMode/_Clientes/NK STORE/00_Institucional/_demandas/D-2026-005.md"
"D-2026-006","nk-store","UMD-1073","Ocultar campos de mkp dos perfis dos fornecedores","casa-cliente","11/03/2026","Concluída","Sim","CX Hub — ID: UMD-1073","","","Cancelado","","Configuração","Julianne Rodrigues","","","","","uMode/_Clientes/NK STORE/00_Institucional/_demandas/D-2026-006.md"
"D-2026-007","nk-store","UMD-1083","Enviar empenho de materiais mais de uma vez no dia (só integra a noite)","casa-cliente","13/03/2026","Concluída","Sim","CX Hub — ID: UMD-1083","Operação","Produto | Inovação","Backlog","","Melhoria","Julianne Rodrigues","","Aguardando Decisão","","","uMode/_Clientes/NK STORE/00_Institucional/_demandas/D-2026-007.md"
"D-2026-008","nk-store","UMD-1107","Produtos com alerta na integração - Algum campo do produto tem mais caracteres do que o…","casa-cliente","18/03/2026","Concluída","Sim","CX Hub — ID: UMD-1107","Operação","Sem Área","Concluído","","Integração","Marina Santoro","","","","","uMode/_Clientes/NK STORE/00_Institucional/_demandas/D-2026-008.md"
"D-2026-009","nk-store","UMD-1139","Produto com erro de integração","casa-cliente","26/03/2026","Concluída","Sim","CX Hub — ID: UMD-1139","","","Análise","","Integração","Pedro Murillo","Pedro Murillo, Julianne Rodrigues","","","","uMode/_Clientes/NK STORE/00_Institucional/_demandas/D-2026-009.md"
"D-2026-010","nk-store","UMD-1162","Custos zerados ou errados em MP","casa-cliente","07/04/2026","Concluída","Sim","CX Hub — ID: UMD-1162","","","Backlog","","Integração","Pedro Murillo","Pedro Murillo, Julianne Rodrigues","Aguardando Decisão","","","uMode/_Clientes/NK STORE/00_Institucional/_demandas/D-2026-010.md"
"D-2026-011","nk-store","UMD-1188","COR diferente com o mesmo código do Linx","casa-cliente","13/04/2026","Concluída","Sim","CX Hub — ID: UMD-1188","","","Aguardando Validação","","Integração","Pedro Murillo","Pedro Murillo, Julianne Rodrigues","","","","uMode/_Clientes/NK STORE/00_Institucional/_demandas/D-2026-011.md"
"D-2026-012","nk-store","UMD-1220","Nova Griffe","casa-cliente","23/04/2026","Concluída","Sim","CX Hub — ID: UMD-1220","","","Concluído","","Integração","Julianne Rodrigues","","","","","uMode/_Clientes/NK STORE/00_Institucional/_demandas/D-2026-012.md"
"D-2026-013","nk-store","UMD-1189","Atualizar custos de mp e em mp e produtos","casa-cliente","23/04/2026","Concluída","Sim","CX Hub — ID: UMD-1189","Operação","Sem Área","Análise","","Suporte","Pedro Murillo","","","","","uMode/_Clientes/NK STORE/00_Institucional/_demandas/D-2026-013.md"
"D-2026-014","nk-store","UMD-1254","Trazer coleção The Collest via módulo de acervo","casa-cliente","08/05/2026","Concluída","Sim","CX Hub — ID: UMD-1254","","","Backlog","","Integração","Julianne Rodrigues","","","RFI-2026-006","","uMode/_Clientes/NK STORE/00_Institucional/_demandas/D-2026-014.md"
"D-2026-015","nk-store","UMD-1256","Atualizar Dados Conta´beis para Uniforme (coleção = ACOES)","casa-cliente","11/05/2026","Concluída","Sim","CX Hub — ID: UMD-1256","","","Backlog","","Integração","Julianne Rodrigues","","","RFI-2026-007","","uMode/_Clientes/NK STORE/00_Institucional/_demandas/D-2026-015.md"
"D-2025-001","nv","UMD-74","Separar fichas de aprovação (checklist v2)","casa-cliente","16/04/2025","Concluída","Sim","CX Hub — ID: UMD-74","Operação","Sem Área","Concluído","","Suporte","Marina Santoro","","","","","uMode/_Clientes/NV/00_Institucional/_demandas/D-2025-001.md"
"D-2025-002","nv","UMD-75","Criar nova ficha de aprovação de pré produção (checklist v2)","casa-cliente","16/04/2025","Concluída","Sim","CX Hub — ID: UMD-75","Operação","Sem Área","Concluído","","Configuração","Marina Santoro","","","","","uMode/_Clientes/NV/00_Institucional/_demandas/D-2025-002.md"
"D-2025-003","nv","UMD-73","Melhorias de layouts na impressão das fichas","casa-cliente","16/04/2025","Concluída","Sim","CX Hub — ID: UMD-73","","","Backlog","","Melhoria","Marina Santoro","","","","","uMode/_Clientes/NV/00_Institucional/_demandas/D-2025-003.md"
"D-2025-004","nv","UMD-71","Macroplan - Imprimir os cartões (hoje feito no excel)","casa-cliente","16/04/2025","Concluída","Sim","CX Hub — ID: UMD-71","","","Concluído","","Configuração","Marina Santoro","","","","","uMode/_Clientes/NV/00_Institucional/_demandas/D-2025-004.md"
"D-2025-005","nv","UMD-72","Novos campos planners (canal de venda e etapa atacado)","casa-cliente","16/04/2025","Concluída","Sim","CX Hub — ID: UMD-72","Operação","Sem Área","Concluído","","Configuração","Marina Santoro","","","","","uMode/_Clientes/NV/00_Institucional/_demandas/D-2025-005.md"
"D-2025-006","nv","UMD-233","Protótipo Custos e Provão","casa-cliente","02/09/2025","Concluída","Sim","CX Hub — ID: UMD-233","","","Concluído","","Melhoria","Victor Aragão","","","","","uMode/_Clientes/NV/00_Institucional/_demandas/D-2025-006.md"
"D-2025-007","nv","UMD-232","Revisar integração Custo Linx","casa-cliente","02/09/2025","Concluída","Sim","CX Hub — ID: UMD-232","Tech","Suporte Tech","Concluído","","Suporte","Victor Aragão","","","","","uMode/_Clientes/NV/00_Institucional/_demandas/D-2025-007.md"
"D-2025-008","nv","UMD-383","📄 Ajustar nome da etapa “Repasse Croqui / Envio Kit Pilotagem ao Fornecedor”","casa-cliente","10/09/2025","Concluída","Sim","CX Hub — ID: UMD-383","Operação","Sem Área","Concluído","","Suporte","Vanessa Rinaldi","Fernanda Araujo","","","","uMode/_Clientes/NV/00_Institucional/_demandas/D-2025-008.md"
"D-2025-009","nv","UMD-390","📄 Ajustar nome do campo ""Análise de Acabamento""","casa-cliente","11/09/2025","Concluída","Sim","CX Hub — ID: UMD-390","Operação","Sem Área","Concluído","","Suporte","Vanessa Rinaldi","Fernanda Araujo","","","","uMode/_Clientes/NV/00_Institucional/_demandas/D-2025-009.md"
"D-2025-010","nv","UMD-389","📄 Incluir campos na Aprovação na Seção “ANÁLISE DE ACABAMENTO DA QUALIDADE”","casa-cliente","11/09/2025","Concluída","Sim","CX Hub — ID: UMD-389","Operação","Sem Área","Concluído","","Configuração","Vanessa Rinaldi","Fernanda Araujo","","","","uMode/_Clientes/NV/00_Institucional/_demandas/D-2025-010.md"
"D-2025-011","nv","UMD-391","📄 Ajustar título da Seção ""Análise de Acabamento da Qualidade","casa-cliente","11/09/2025","Concluída","Sim","CX Hub — ID: UMD-391","Operação","Sem Área","Concluído","","Suporte","Vanessa Rinaldi","Fernanda Araujo","","","","uMode/_Clientes/NV/00_Institucional/_demandas/D-2025-011.md"
"D-2025-012","nv","UMD-393","📄 Criar novo campo na variante para registro da nova peça para foto","casa-cliente","11/09/2025","Concluída","Sim","CX Hub — ID: UMD-393","Operação","Sem Área","Concluído","","Configuração","Vanessa Rinaldi","Victor Aragão","","","","uMode/_Clientes/NV/00_Institucional/_demandas/D-2025-012.md"
"D-2025-013","nv","UMD-392","📄 Criar campo na Aprovação ""Motivo Repilotagem","casa-cliente","11/09/2025","Concluída","Sim","CX Hub — ID: UMD-392","Operação","Sem Área","Concluído","","Configuração","Vanessa Rinaldi","Victor Aragão, Fernanda Araujo","Aguardando Cliente","","","uMode/_Clientes/NV/00_Institucional/_demandas/D-2025-013.md"
"D-2025-014","nv","UMD-385","📄 Revisar lista de motivos de Cancelamento","casa-cliente","11/09/2025","Concluída","Sim","CX Hub — ID: UMD-385","","","Concluído","","Suporte","Vanessa Rinaldi","","Aguardando Cliente","","","uMode/_Clientes/NV/00_Institucional/_demandas/D-2025-014.md"
"D-2025-015","nv","UMD-384","📄 Remover campos para input de datas de Recebimento e Análise de Mostruário pelo time…","casa-cliente","11/09/2025","Concluída","Sim","CX Hub — ID: UMD-384","","","Concluído","","Suporte","Vanessa Rinaldi","","Outra — valor legado do Notion: ""Aguardando Time Interno - uMode""","","","uMode/_Clientes/NV/00_Institucional/_demandas/D-2025-015.md"
"D-2025-016","nv","UMD-386","📄 Movimentar campo “Produto teve alteração” para a Aprovação","casa-cliente","11/09/2025","Concluída","Sim","CX Hub — ID: UMD-386","Operação","Sem Área","Concluído","","Suporte","Vanessa Rinaldi","Victor Aragão, Fernanda Araujo","","","","uMode/_Clientes/NV/00_Institucional/_demandas/D-2025-016.md"
"D-2025-017","nv","UMD-388","📄 Automatizar envio do laudo de Pré-produção para PCP após finalização do Check List","casa-cliente","11/09/2025","Concluída","Sim","CX Hub — ID: UMD-388","Operação","Sem Área","Concluído","","Configuração","Vanessa Rinaldi","","","","","uMode/_Clientes/NV/00_Institucional/_demandas/D-2025-017.md"
"D-2025-018","nv","UMD-387","📄 Incluir novo campo na Aprovação: “% de desconto”","casa-cliente","11/09/2025","Concluída","Sim","CX Hub — ID: UMD-387","Operação","Sem Área","Concluído","","Configuração","Vanessa Rinaldi","Victor Aragão, Fernanda Araujo","","","","uMode/_Clientes/NV/00_Institucional/_demandas/D-2025-018.md"
"D-2025-019","nv","UMD-435","[NV] - Tratar dados das versões de tipo de Check List","casa-cliente","17/09/2025","Concluída","Sim","CX Hub — ID: UMD-435","Operação","Sem Área","A fazer","","Suporte","Victor Aragão","Victor Aragão, Fernanda Araujo","Outra — valor legado do Notion: ""Aguardando Time Interno - uMode""","","","uMode/_Clientes/NV/00_Institucional/_demandas/D-2025-019.md"
"D-2025-020","nv","UMD-434","[NV] - Dado incorreto no Relat de Lacre","casa-cliente","17/09/2025","Concluída","Sim","CX Hub — ID: UMD-434","Tech","Suporte Tech","A fazer","","Suporte","Victor Aragão","Victor Aragão, Fernanda Araujo","","","","uMode/_Clientes/NV/00_Institucional/_demandas/D-2025-020.md"
"D-2025-021","nv","UMD-500","📄 Revisar Workflow VM - Visualização VM Real","casa-cliente","22/09/2025","Concluída","Sim","CX Hub — ID: UMD-500","","","Concluído","","Configuração","Vanessa Rinaldi","","","","","uMode/_Clientes/NV/00_Institucional/_demandas/D-2025-021.md"
"D-2025-022","nv","UMD-499","Revisar workflow Atelier","casa-cliente","22/09/2025","Concluída","Sim","CX Hub — ID: UMD-499","","","Cancelado","","Configuração","Vanessa Rinaldi","","","","","uMode/_Clientes/NV/00_Institucional/_demandas/D-2025-022.md"
"D-2025-023","nv","UMD-501","📄 Revisar Workflow Marketing","casa-cliente","22/09/2025","Concluída","Sim","CX Hub — ID: UMD-501","","","Concluído","","Configuração","Vanessa Rinaldi","","","","","uMode/_Clientes/NV/00_Institucional/_demandas/D-2025-023.md"
"D-2025-024","nv","UMD-503","Desenvolver novo Relatório cruzando Data VM Real e VM Planejado e medir aderência do cu…","casa-cliente","22/09/2025","Concluída","Sim","CX Hub — ID: UMD-503","","","Cancelado","","Configuração","Vanessa Rinaldi","","","","","uMode/_Clientes/NV/00_Institucional/_demandas/D-2025-024.md"
"D-2025-025","nv","UMD-502","📄 Eliminar workflow de Planejamento","casa-cliente","22/09/2025","Concluída","Sim","CX Hub — ID: UMD-502","","","Concluído","","Suporte","Vanessa Rinaldi","","","","","uMode/_Clientes/NV/00_Institucional/_demandas/D-2025-025.md"
"D-2025-026","nv","UMD-498","Revisar workflow Compras Produção / Compras - Pilotagem Mostruário","casa-cliente","22/09/2025","Concluída","Sim","CX Hub — ID: UMD-498","","","Cancelado","","Configuração","Vanessa Rinaldi","","","","","uMode/_Clientes/NV/00_Institucional/_demandas/D-2025-026.md"
"D-2025-027","nv","UMD-494","Revisar Workflow Planners","casa-cliente","22/09/2025","Concluída","Sim","CX Hub — ID: UMD-494","","","A fazer","","Configuração","Vanessa Rinaldi","","","","","uMode/_Clientes/NV/00_Institucional/_demandas/D-2025-027.md"
"D-2025-028","nv","UMD-493","📄 Liberação Mostruário Atelier","casa-cliente","22/09/2025","Concluída","Sim","CX Hub — ID: UMD-493","","","Concluído","","Configuração","Vanessa Rinaldi","","","","","uMode/_Clientes/NV/00_Institucional/_demandas/D-2025-028.md"
"D-2025-029","nv","UMD-495","Revisar workflow Engenharia de Produto / Estilo","casa-cliente","22/09/2025","Concluída","Sim","CX Hub — ID: UMD-495","","","Análise","","Configuração","Vanessa Rinaldi","","","","","uMode/_Clientes/NV/00_Institucional/_demandas/D-2025-029.md"
"D-2025-030","nv","UMD-497","Avaliar movimentação dos cards no workflow de Pré-produção","casa-cliente","22/09/2025","Concluída","Sim","CX Hub — ID: UMD-497","","","Em Progresso","","Suporte","Vanessa Rinaldi","","","","","uMode/_Clientes/NV/00_Institucional/_demandas/D-2025-030.md"
"D-2025-031","nv","UMD-496","Revisar Workflow Estilo","casa-cliente","22/09/2025","Concluída","Sim","CX Hub — ID: UMD-496","","","Análise","","Configuração","Vanessa Rinaldi","","","","","uMode/_Clientes/NV/00_Institucional/_demandas/D-2025-031.md"
"D-2025-032","nv","UMD-512","📄 Importação Datas Marketing - Criar template e treinar time","casa-cliente","22/09/2025","Concluída","Sim","CX Hub — ID: UMD-512","","","Concluído","","Configuração","Vanessa Rinaldi","","","","","uMode/_Clientes/NV/00_Institucional/_demandas/D-2025-032.md"
"D-2025-033","nv","UMD-511","📄 Gestão de Produtos Semelhantes","casa-cliente","22/09/2025","Concluída","Sim","CX Hub — ID: UMD-511","","","Concluído","","Configuração","Vanessa Rinaldi","","","","","uMode/_Clientes/NV/00_Institucional/_demandas/D-2025-033.md"
"D-2025-034","nv","UMD-513","📄 Criar o card das Subcoleções com status EM DESENVOLVIMENTO","casa-cliente","22/09/2025","Concluída","Sim","CX Hub — ID: UMD-513","Operação","Produto | Inovação","Cancelado","","Melhoria","Vanessa Rinaldi","","","","","uMode/_Clientes/NV/00_Institucional/_demandas/D-2025-034.md"
"D-2025-035","nv","UMD-515","📄 Revisar automações e integração relacionadas ao campo STATUS ATUAL","casa-cliente","22/09/2025","Concluída","Sim","CX Hub — ID: UMD-515","Tech","Suporte Tech","Concluído","","Integração","Vanessa Rinaldi","","","RFI-2025-003","","uMode/_Clientes/NV/00_Institucional/_demandas/D-2025-035.md"
"D-2025-036","nv","UMD-514","Travar aba de CANCELAMENTO a partir de determinada etapa do processo","casa-cliente","22/09/2025","Concluída","Sim","CX Hub — ID: UMD-514","","","Cancelado","","Configuração","Vanessa Rinaldi","","","","","uMode/_Clientes/NV/00_Institucional/_demandas/D-2025-036.md"
"D-2025-037","nv","UMD-510","Relatório Realocação de Fornecedores","casa-cliente","22/09/2025","Concluída","Sim","CX Hub — ID: UMD-510","","","Cancelado","","Configuração","Vanessa Rinaldi","","","","","uMode/_Clientes/NV/00_Institucional/_demandas/D-2025-037.md"
"D-2025-038","nv","UMD-505","📄 Gradação com ruptura","casa-cliente","22/09/2025","Concluída","Sim","CX Hub — ID: UMD-505","","","Cancelado","","Melhoria","Vanessa Rinaldi","","","","","uMode/_Clientes/NV/00_Institucional/_demandas/D-2025-038.md"
"D-2025-039","nv","UMD-504","📄 Tabela de Medidas por variante - mais de uma Tabela por produto","casa-cliente","22/09/2025","Concluída","Sim","CX Hub — ID: UMD-504","","","Cancelado","","Melhoria","Vanessa Rinaldi","","","","","uMode/_Clientes/NV/00_Institucional/_demandas/D-2025-039.md"
"D-2025-040","nv","UMD-506","Revisar relatório Gestão de Lacre","casa-cliente","22/09/2025","Concluída","Sim","CX Hub — ID: UMD-506","","","Aguardando Validação","","Suporte","Vanessa Rinaldi","","","","","uMode/_Clientes/NV/00_Institucional/_demandas/D-2025-040.md"
"D-2025-041","nv","UMD-508","Aprovação / Lacre de Produto","casa-cliente","22/09/2025","Concluída","Sim","CX Hub — ID: UMD-508","","","Análise","","Configuração","Vanessa Rinaldi","","","","","uMode/_Clientes/NV/00_Institucional/_demandas/D-2025-041.md"
"D-2025-042","nv","UMD-507","📄 Relatório Gestão de Tarefas","casa-cliente","22/09/2025","Concluída","Sim","CX Hub — ID: UMD-507","","","Concluído","","Relatório","Vanessa Rinaldi","","","RFI-2026-001","","uMode/_Clientes/NV/00_Institucional/_demandas/D-2025-042.md"
"D-2025-043","nv","UMD-492","📄 Redesenho processos Atelier","casa-cliente","22/09/2025","Concluída","Sim","CX Hub — ID: UMD-492","","","Concluído","","Configuração","Vanessa Rinaldi","","","","","uMode/_Clientes/NV/00_Institucional/_demandas/D-2025-043.md"
"D-2025-044","nv","UMD-469","Configurar versão em inglês de todos os templates de impressão","casa-cliente","22/09/2025","Concluída","Sim","CX Hub — ID: UMD-469","","","Cancelado","","Configuração","Vanessa Rinaldi","","Aguardando Cliente","","","uMode/_Clientes/NV/00_Institucional/_demandas/D-2025-044.md"
"D-2025-045","nv","UMD-468","📄 Incluir campo check box “Tipo Produção Validado” e incluir na Validação 43","casa-cliente","22/09/2025","Concluída","Sim","CX Hub — ID: UMD-468","Operação","Sem Área","Concluído","","Configuração","Vanessa Rinaldi","Victor Aragão, Fernanda Araujo","","","","uMode/_Clientes/NV/00_Institucional/_demandas/D-2025-045.md"
"D-2025-046","nv","UMD-471","Redesenhar processo de Compras","casa-cliente","22/09/2025","Concluída","Sim","CX Hub — ID: UMD-471","","","Análise","","Configuração","Vanessa Rinaldi","","Aguardando Cliente","","","uMode/_Clientes/NV/00_Institucional/_demandas/D-2025-046.md"
"D-2025-047","nv","UMD-479","📄 Automatizar alerta para PCP e Planners quando for preenchido campo de desconto na Ap…","casa-cliente","22/09/2025","Concluída","Sim","CX Hub — ID: UMD-479","Operação","Sem Área","Concluído","","Configuração","Vanessa Rinaldi","Victor Aragão","","","","uMode/_Clientes/NV/00_Institucional/_demandas/D-2025-047.md"
"D-2025-048","nv","UMD-478","📄 Criar alerta / tarefa para Marketing e Planner quando produto for alterado","casa-cliente","22/09/2025","Concluída","Sim","CX Hub — ID: UMD-478","Operação","Sem Área","Concluído","","Configuração","Vanessa Rinaldi","Victor Aragão","","","","uMode/_Clientes/NV/00_Institucional/_demandas/D-2025-048.md"
"D-2025-049","nv","UMD-466","📄 Ajustar nome do Workflow 1183 para Planners","casa-cliente","22/09/2025","Concluída","Sim","CX Hub — ID: UMD-466","","","Concluído","","Configuração","Vanessa Rinaldi","","","","","uMode/_Clientes/NV/00_Institucional/_demandas/D-2025-049.md"
"D-2025-050","nv","UMD-462","SONHOS","casa-cliente","22/09/2025","Concluída","Sim","CX Hub — ID: UMD-462","","","Backlog","","Melhoria","Vanessa Rinaldi","","","","","uMode/_Clientes/NV/00_Institucional/_demandas/D-2025-050.md"
"D-2025-051","nv","UMD-461","📄 Criar check list para registro dos resultados dos Testes de Produto","casa-cliente","22/09/2025","Concluída","Sim","CX Hub — ID: UMD-461","","","Cancelado","","Melhoria","Vanessa Rinaldi","","Aguardando Cliente","","","uMode/_Clientes/NV/00_Institucional/_demandas/D-2025-051.md"
"D-2025-052","nv","UMD-463","PENDÊNCIAS NV","casa-cliente","22/09/2025","Concluída","Sim","CX Hub — ID: UMD-463","","","Backlog","","","Vanessa Rinaldi","","","","","uMode/_Clientes/NV/00_Institucional/_demandas/D-2025-052.md"
"D-2025-053","nv","UMD-465","📄 Revisar registro de Datas e Etapas do Workflow - peças Diretora Criativa","casa-cliente","22/09/2025","Concluída","Sim","CX Hub — ID: UMD-465","Operação","Sem Área","Concluído","","Configuração","Vanessa Rinaldi","Victor Aragão","","","","uMode/_Clientes/NV/00_Institucional/_demandas/D-2025-053.md"
"D-2025-054","nv","UMD-464","📄 Incluir novos tamanhos no campo “Amostra Diretora Criativa”","casa-cliente","22/09/2025","Concluída","Sim","CX Hub — ID: UMD-464","","","Concluído","","Configuração","Vanessa Rinaldi","","","","","uMode/_Clientes/NV/00_Institucional/_demandas/D-2025-054.md"
"D-2025-055","nv","UMD-488","Integração flag VARIA PREÇO COR","casa-cliente","22/09/2025","Concluída","Sim","CX Hub — ID: UMD-488","Tech","Suporte Tech","Aguardando Validação","","Integração","Vanessa Rinaldi","","","RFI-2026-003","","uMode/_Clientes/NV/00_Institucional/_demandas/D-2025-055.md"
"D-2025-056","nv","UMD-487","Integração cadastro de Materiais - Escopo 2025","casa-cliente","22/09/2025","Concluída","Sim","CX Hub — ID: UMD-487","Tech","Suporte Tech","Em Progresso","","Integração","Vanessa Rinaldi","","","RFI-2025-002","","uMode/_Clientes/NV/00_Institucional/_demandas/D-2025-056.md"
"D-2025-057","nv","UMD-489","Atualização do FULL KIT no Linx","casa-cliente","22/09/2025","Concluída","Sim","CX Hub — ID: UMD-489","Tech","Suporte Tech","Cancelado","","Integração","Vanessa Rinaldi","","","","","uMode/_Clientes/NV/00_Institucional/_demandas/D-2025-057.md"
"D-2025-058","nv","UMD-491","Garantir preenchimento de datas / actions do wf de Mostruário a partir das PROGRAMAÇÕES…","casa-cliente","22/09/2025","Concluída","Sim","CX Hub — ID: UMD-491","","","Em Progresso","","Configuração","Vanessa Rinaldi","","","","","uMode/_Clientes/NV/00_Institucional/_demandas/D-2025-058.md"
"D-2025-059","nv","UMD-490","Ajustar action de Liberação de Mostruário","casa-cliente","22/09/2025","Concluída","Sim","CX Hub — ID: UMD-490","Operação","Sem Área","Análise","","Suporte","Vanessa Rinaldi","","","","","uMode/_Clientes/NV/00_Institucional/_demandas/D-2025-059.md"
"D-2025-060","nv","UMD-485","📄 Incluir campo e abas na Ficha de Materiais (Tecidos e Aviamentos)","casa-cliente","22/09/2025","Concluída","Sim","CX Hub — ID: UMD-485","","","Concluído","","Configuração","Vanessa Rinaldi","","","","","uMode/_Clientes/NV/00_Institucional/_demandas/D-2025-060.md"
"D-2025-061","nv","UMD-481","REUNIÕES DE TRABALHO","casa-cliente","22/09/2025","Concluída","Sim","CX Hub — ID: UMD-481","Tech","Suporte Tech","Backlog","","Produto","Vanessa Rinaldi","","","","","uMode/_Clientes/NV/00_Institucional/_demandas/D-2025-061.md"
"D-2025-062","nv","UMD-480","Integrar o campo Família com o campo Cartela","casa-cliente","22/09/2025","Concluída","Sim","CX Hub — ID: UMD-480","Tech","Suporte Tech","Cancelado","","Integração","Vanessa Rinaldi","","Aguardando Cliente","","","uMode/_Clientes/NV/00_Institucional/_demandas/D-2025-062.md"
"D-2025-063","nv","UMD-482","📄 Definir regra para bloqueio da Ficha Técnica","casa-cliente","22/09/2025","Concluída","Sim","CX Hub — ID: UMD-482","Operação","Sem Área","Concluído","","Configuração","Vanessa Rinaldi","","","","","uMode/_Clientes/NV/00_Institucional/_demandas/D-2025-063.md"
"D-2025-064","nv","UMD-484","📄 Ajustar integração/atualização do campo DESENVOLVIMENTO","casa-cliente","22/09/2025","Concluída","Sim","CX Hub — ID: UMD-484","Operação","Sem Área","Concluído","","Configuração","Vanessa Rinaldi","Victor Aragão","","","","uMode/_Clientes/NV/00_Institucional/_demandas/D-2025-064.md"
"D-2025-065","nv","UMD-483","📄 Integração do Fornecedor na Rota","casa-cliente","22/09/2025","Concluída","Sim","CX Hub — ID: UMD-483","Tech","Suporte Tech","Concluído","","Integração","Vanessa Rinaldi","","","","","uMode/_Clientes/NV/00_Institucional/_demandas/D-2025-065.md"
"D-2025-066","nv","UMD-528","API - reunião 25/09","casa-cliente","25/09/2025","Concluída","Sim","CX Hub — ID: UMD-528","","","Concluído","","Produto","Vanessa Rinaldi","","","","","uMode/_Clientes/NV/00_Institucional/_demandas/D-2025-066.md"
"D-2025-067","nv","UMD-569","📄 Criar regra de obrigatoriedade de preenchimento de campo em Aprovações","casa-cliente","02/10/2025","Concluída","Sim","CX Hub — ID: UMD-569","","","Cancelado","","Melhoria","Vanessa Rinaldi","","","","","uMode/_Clientes/NV/00_Institucional/_demandas/D-2025-067.md"
"D-2025-068","nv","UMD-568","Fazer de/para do campo PRODUTO TEVE ALTERAÇÃO?","casa-cliente","02/10/2025","Concluída","Sim","CX Hub — ID: UMD-568","Operação","Sem Área","Aguardando Validação","","Suporte","Vanessa Rinaldi","","","","","uMode/_Clientes/NV/00_Institucional/_demandas/D-2025-068.md"
"D-2025-069","nv","UMD-636","Preenchimento automático do campo “Família” na Ficha de MP","casa-cliente","06/10/2025","Concluída","Sim","CX Hub — ID: UMD-636","Operação","Sem Área","Cancelado","","Configuração","Andrea Holmer","Fernanda Araujo","Aguardando Cliente","","","uMode/_Clientes/NV/00_Institucional/_demandas/D-2025-069.md"
"D-2025-070","nv","UMD-656","Coleção não mapeada para integração","casa-cliente","08/10/2025","Concluída","Sim","CX Hub — ID: UMD-656","Operação","Sem Área","Concluído","","Integração","Pedro Murillo","Victor Aragão, Fernanda Araujo","Aguardando Cliente","","","uMode/_Clientes/NV/00_Institucional/_demandas/D-2025-070.md"
"D-2025-071","nv","UMD-650","📄 Criar novo campo em Variante “Aba Site”","casa-cliente","09/10/2025","Concluída","Sim","CX Hub — ID: UMD-650","Operação","Sem Área","Concluído","","Configuração","Vanessa Rinaldi","","","","","uMode/_Clientes/NV/00_Institucional/_demandas/D-2025-071.md"
"D-2025-072","nv","UMD-649","Organizar limpeza dos registros antigos de Notificações","casa-cliente","09/10/2025","Concluída","Sim","CX Hub — ID: UMD-649","","","Cancelado","","","Vanessa Rinaldi","","","","","uMode/_Clientes/NV/00_Institucional/_demandas/D-2025-072.md"
"D-2025-073","nv","UMD-713","Erro ao BUSCAR PROGRAMAÇÕES","casa-cliente","21/10/2025","Concluída","Sim","CX Hub — ID: UMD-713","","","Backlog","Média","Bug","Ana Paula Ramos","","","","","uMode/_Clientes/NV/00_Institucional/_demandas/D-2025-073.md"
"D-2025-074","nv","UMD-734","📄 Revisar integração de Leitura de Materiais. Tirar filtro de coleções","casa-cliente","30/10/2025","Concluída","Sim","CX Hub — ID: UMD-734","Tech","Suporte Tech","Concluído","","Integração","Marina Santoro","","","RFI-2025-003","","uMode/_Clientes/NV/00_Institucional/_demandas/D-2025-074.md"
"D-2025-075","nv","UMD-748","📄 Criar campo FASE ATACADO","casa-cliente","31/10/2025","Concluída","Sim","CX Hub — ID: UMD-748","","","Concluído","","","Vanessa Rinaldi","","","","","uMode/_Clientes/NV/00_Institucional/_demandas/D-2025-075.md"
"D-2025-076","nv","UMD-753","Cores duplicadas","casa-cliente","03/11/2025","Concluída","Sim","CX Hub — ID: UMD-753","","","Backlog","","","Ana Paula Ramos","","","","","uMode/_Clientes/NV/00_Institucional/_demandas/D-2025-076.md"
"D-2025-077","nv","UMD-826","Integração - Aperto ""botão” Linx - Escopo 2025","casa-cliente","19/11/2025","Concluída","Sim","CX Hub — ID: UMD-826","Tech","Suporte Tech","Aguardando Validação","","Integração","Marina Santoro","","","RFI-2025-001","","uMode/_Clientes/NV/00_Institucional/_demandas/D-2025-077.md"
"D-2025-078","nv","UMD-849","Campo Entrada NV vazio","casa-cliente","28/11/2025","Concluída","Sim","CX Hub — ID: UMD-849","","","Em Revisão","","Melhoria","Ana Paula Ramos","","","","","uMode/_Clientes/NV/00_Institucional/_demandas/D-2025-078.md"
"D-2025-079","nv","UMD-877","Integração da Programação - Erro na integração por tamanho","casa-cliente","08/12/2025","Concluída","Sim","CX Hub — ID: UMD-877","","","Concluído","","Integração","Vanessa Rinaldi","","","","","uMode/_Clientes/NV/00_Institucional/_demandas/D-2025-079.md"
"D-2026-001","nv","UMD-900","Custo diferente","casa-cliente","07/01/2026","Concluída","Sim","CX Hub — ID: UMD-900","","","Concluído","","Melhoria","Ana Paula Ramos","","","","","uMode/_Clientes/NV/00_Institucional/_demandas/D-2026-001.md"
"D-2026-002","nv","UMD-916","Inativar usuários da conta","casa-cliente","14/01/2026","Concluída","Sim","CX Hub — ID: UMD-916","","","Backlog","","Suporte","Vanessa Rinaldi","","","","","uMode/_Clientes/NV/00_Institucional/_demandas/D-2026-002.md"
"D-2026-003","nv","UMD-918","Valor diferente da conversão cadastrada","casa-cliente","16/01/2026","Concluída","Sim","CX Hub — ID: UMD-918","Tech","Suporte Tech","Análise","","Melhoria","Ana Paula Ramos","","","","","uMode/_Clientes/NV/00_Institucional/_demandas/D-2026-003.md"
"D-2026-004","nv","UMD-930","Deletar composições duplicadas","casa-cliente","21/01/2026","Concluída","Sim","CX Hub — ID: UMD-930","","","Backlog","","","Vanessa Rinaldi","","","","","uMode/_Clientes/NV/00_Institucional/_demandas/D-2026-004.md"
"D-2026-005","nv","UMD-991","Integração verifica coleção do material ainda","casa-cliente","12/02/2026","Concluída","Sim","CX Hub — ID: UMD-991","","","Concluído","","Integração","Ana Paula Ramos","","","","","uMode/_Clientes/NV/00_Institucional/_demandas/D-2026-005.md"
"D-2026-006","nv","UMD-1021","Algum campo do produto tem mais caracteres do que o permitido no linx","casa-cliente","19/02/2026","Concluída","Sim","CX Hub — ID: UMD-1021","","","Concluído","","Integração","Marina Santoro","","","","","uMode/_Clientes/NV/00_Institucional/_demandas/D-2026-006.md"
"D-2026-007","nv","UMD-1012","Verificação de Integração (Status Atual)","casa-cliente","25/02/2026","Concluída","Sim","CX Hub — ID: UMD-1012","","","Concluído","","Integração","Ju Ferré","","","","","uMode/_Clientes/NV/00_Institucional/_demandas/D-2026-007.md"
"D-2026-008","nv","UMD-1045","Criação de Campos para Inserir Data de Previsão de Piloto","casa-cliente","26/02/2026","Concluída","Sim","CX Hub — ID: UMD-1045","","","Backlog","","","Vanessa Rinaldi","","","","","uMode/_Clientes/NV/00_Institucional/_demandas/D-2026-008.md"
"D-2026-009","nv","UMD-1016","Criar novos campos de Apostas na Aba Custos e Preços","casa-cliente","26/02/2026","Concluída","Sim","CX Hub — ID: UMD-1016","","","Concluído","","Configuração","Vanessa Rinaldi","","","","","uMode/_Clientes/NV/00_Institucional/_demandas/D-2026-009.md"
"D-2026-010","nv","UMD-1052","Botão ‘conferido’ não clicável","casa-cliente","04/03/2026","Concluída","Sim","CX Hub — ID: UMD-1052","","","Aguardando Validação","","Suporte","Ana Paula Ramos","","","","","uMode/_Clientes/NV/00_Institucional/_demandas/D-2026-010.md"
"D-2026-011","nv","UMD-1050","Preço integrou na coluna errada do LINX","casa-cliente","04/03/2026","Concluída","Sim","CX Hub — ID: UMD-1050","","","Cancelado","","Integração","Ana Paula Ramos","","","","","uMode/_Clientes/NV/00_Institucional/_demandas/D-2026-011.md"
"D-2026-012","nv","UMD-1048","Consumo de regras da Programação na Integração","casa-cliente","04/03/2026","Concluída","Sim","CX Hub — ID: UMD-1048","","","Backlog","","","Vanessa Rinaldi","","","","","uMode/_Clientes/NV/00_Institucional/_demandas/D-2026-012.md"
"D-2026-013","nv","UMD-1043","1 - Alterar lógica de criação da referência do produto","casa-cliente","04/03/2026","Concluída","Sim","CX Hub — ID: UMD-1043","","","Concluído","Urgente","Integração","Vanessa Rinaldi","","","","","uMode/_Clientes/NV/00_Institucional/_demandas/D-2026-013.md"
"D-2026-014","nv","UMD-1044","RFIs Custos","casa-cliente","04/03/2026","Concluída","Sim","CX Hub — ID: UMD-1044","","","Backlog","","","Vanessa Rinaldi","","","","","uMode/_Clientes/NV/00_Institucional/_demandas/D-2026-014.md"
"D-2026-015","nv","UMD-1061","Produtos não integraram para o Linx","casa-cliente","06/03/2026","Concluída","Sim","CX Hub — ID: UMD-1061","","","Aguardando Validação","","Integração","Ana Paula Ramos","","","","","uMode/_Clientes/NV/00_Institucional/_demandas/D-2026-015.md"
"D-2026-016","nv","UMD-1103","API não retorna dados","casa-cliente","17/03/2026","Concluída","Sim","CX Hub — ID: UMD-1103","","","Concluído","","Integração","Ana Paula Ramos","","","","","uMode/_Clientes/NV/00_Institucional/_demandas/D-2026-016.md"
"D-2026-017","nv","UMD-1129","Programação não integrou (V272657)","casa-cliente","23/03/2026","Concluída","Sim","CX Hub — ID: UMD-1129","","","Concluído","","Integração","Marina Santoro","","","","","uMode/_Clientes/NV/00_Institucional/_demandas/D-2026-017.md"
"D-2026-018","nv","UMD-1132","Atualizar dados em Produtos e Variantes","casa-cliente","24/03/2026","Concluída","Sim","CX Hub — ID: UMD-1132","","","Concluído","","Suporte","Vanessa Rinaldi","","","","","uMode/_Clientes/NV/00_Institucional/_demandas/D-2026-018.md"
"D-2026-019","nv","UMD-1153","3 - Redesenho do Processo de Aposta (Design Sprint)","casa-cliente","02/04/2026","Concluída","Sim","CX Hub — ID: UMD-1153","","","Em Progresso","","","Vanessa Rinaldi","","","","","uMode/_Clientes/NV/00_Institucional/_demandas/D-2026-019.md"
"D-2026-020","nv","UMD-1154","2 - Inclusão dos campos/dados do Ateliê na API","casa-cliente","02/04/2026","Concluída","Sim","CX Hub — ID: UMD-1154","","","Concluído","","Integração","Vanessa Rinaldi","","","","","uMode/_Clientes/NV/00_Institucional/_demandas/D-2026-020.md"
"D-2026-021","nv","UMD-1149","4 - Exclusão de campos de Cadastro","casa-cliente","02/04/2026","Concluída","Sim","CX Hub — ID: UMD-1149","","","Concluído","","","Vanessa Rinaldi","","","","","uMode/_Clientes/NV/00_Institucional/_demandas/D-2026-021.md"
"D-2026-022","nv","UMD-1150","3 - Inclusão de Novos Campos para o Digital no PLM","casa-cliente","02/04/2026","Concluída","Sim","CX Hub — ID: UMD-1150","","","Concluído","","","Vanessa Rinaldi","","","","","uMode/_Clientes/NV/00_Institucional/_demandas/D-2026-022.md"
"D-2026-023","nv","UMD-1168","Bloquear preenchimento de data","casa-cliente","08/04/2026","Concluída","Sim","CX Hub — ID: UMD-1168","","","Backlog","","Suporte","Ana Paula Ramos","","","","","uMode/_Clientes/NV/00_Institucional/_demandas/D-2026-023.md"
"D-2026-024","nv","UMD-1166","4 - Adicionar valor padrão aos campos de preço","casa-cliente","08/04/2026","Concluída","Sim","CX Hub — ID: UMD-1166","","","Concluído","","Integração","Ana Paula Ramos","","","","","uMode/_Clientes/NV/00_Institucional/_demandas/D-2026-024.md"
"D-2026-025","nv","UMD-1195","Adicionar coleção VER27","casa-cliente","14/04/2026","Concluída","Sim","CX Hub — ID: UMD-1195","","","Análise","","","Fernanda Araujo","","","","","uMode/_Clientes/NV/00_Institucional/_demandas/D-2026-025.md"
"D-2026-026","nv","UMD-1193","Moodboard  - Tipo FIGMA","casa-cliente","14/04/2026","Concluída","Sim","CX Hub — ID: UMD-1193","","","A fazer","","","Fernanda Araujo","","","","","uMode/_Clientes/NV/00_Institucional/_demandas/D-2026-026.md"
"D-2026-027","nv","UMD-1192","CadastrAI","casa-cliente","14/04/2026","Concluída","Sim","CX Hub — ID: UMD-1192","","","Em Revisão","","","Fernanda Araujo","","","","","uMode/_Clientes/NV/00_Institucional/_demandas/D-2026-027.md"
"D-2026-028","nv","UMD-1219","Lentidão no produto","casa-cliente","22/04/2026","Concluída","Sim","CX Hub — ID: UMD-1219","","","Análise","","Bug","Ana Paula Ramos","","","","","uMode/_Clientes/NV/00_Institucional/_demandas/D-2026-028.md"
"D-2026-029","nv","UMD-1239","1 - Otimização de atualização dos dados da API","casa-cliente","30/04/2026","Concluída","Sim","CX Hub — ID: UMD-1239","","","Concluído","","Integração","Vanessa Rinaldi","","","RFI-2026-006","","uMode/_Clientes/NV/00_Institucional/_demandas/D-2026-029.md"
"D-2025-001","oficina-reserva","UMD-229","Integração do campo lacre com SAP/Linx","casa-cliente","14/07/2025","Concluída","Sim","CX Hub — ID: UMD-229","Tech","Suporte Tech","Concluído","","Integração","Victor Aragão","Marina Santoro","","","","uMode/_Clientes/Oficina Reserva/00_Institucional/_demandas/D-2025-001.md"
"D-2025-002","oficina-reserva","UMD-182","Perfil Atacado","casa-cliente","28/07/2025","Concluída","Sim","CX Hub — ID: UMD-182","","","Concluído","","Configuração","Laura Delgado","","Aguardando Cliente","","","uMode/_Clientes/Oficina Reserva/00_Institucional/_demandas/D-2025-002.md"
"D-2025-003","oficina-reserva","UMD-203","Custo Fabricação não reflete no Linx","casa-cliente","28/08/2025","Concluída","Sim","CX Hub — ID: UMD-203","Operação","Operação | KA","Cancelado","","Suporte","Andrea Holmer","Andrea Holmer, Laura Delgado","","","","uMode/_Clientes/Oficina Reserva/00_Institucional/_demandas/D-2025-003.md"
"D-2025-004","oficina-reserva","UMD-230","Configurar Ficha Técnica e Fichas de Impressão bilíngue para Fornecedores do Importado","casa-cliente","02/09/2025","Concluída","Sim","CX Hub — ID: UMD-230","Tech","Suporte Tech","Backlog","","Melhoria","Victor Aragão","","","","","uMode/_Clientes/Oficina Reserva/00_Institucional/_demandas/D-2025-004.md"
"D-2025-005","oficina-reserva","UMD-231","Cadastrar Tabela de Medidas e migrar para o Linx [OFICINA]","casa-cliente","02/09/2025","Concluída","Sim","CX Hub — ID: UMD-231","Operação","Operação | KA","Cancelado","","Melhoria","Victor Aragão","Laura Delgado, Andrea Holmer","","","","uMode/_Clientes/Oficina Reserva/00_Institucional/_demandas/D-2025-005.md"
"D-2025-006","oficina-reserva","UMD-345","Configurar Tipos de Tarefas","casa-cliente","04/09/2025","Concluída","Sim","CX Hub — ID: UMD-345","Operação","Operação | KA","Concluído","","Suporte","Laura Delgado","Laura Delgado, Andrea Holmer","","","","uMode/_Clientes/Oficina Reserva/00_Institucional/_demandas/D-2025-006.md"
"D-2025-007","oficina-reserva","UMD-344","Revisar visual e usabilidade da Ficha Técnica após a entrada dos fornecedores","casa-cliente","04/09/2025","Concluída","Sim","CX Hub — ID: UMD-344","Operação","Produto | Inovação","Cancelado","","Melhoria","Laura Delgado","","","","","uMode/_Clientes/Oficina Reserva/00_Institucional/_demandas/D-2025-007.md"
"D-2025-008","oficina-reserva","UMD-206","Automações do WorkFlow","casa-cliente","10/09/2025","Concluída","Sim","CX Hub — ID: UMD-206","Operação","Operação | KA","Backlog","","Configuração","Laura Delgado","Laura Delgado, Andrea Holmer","","","","uMode/_Clientes/Oficina Reserva/00_Institucional/_demandas/D-2025-008.md"
"D-2025-009","oficina-reserva","UMD-417","Inativar usuários da Conta","casa-cliente","15/09/2025","Concluída","Sim","CX Hub — ID: UMD-417","Operação","Operação | KA","Concluído","","Configuração","Laura Delgado","","","","","uMode/_Clientes/Oficina Reserva/00_Institucional/_demandas/D-2025-009.md"
"D-2025-010","oficina-reserva","UMD-416","Criar Perfil “Oficina - Planejamento”","casa-cliente","15/09/2025","Concluída","Sim","CX Hub — ID: UMD-416","Operação","Sem Área","Concluído","","Configuração","Laura Delgado","Laura Delgado, Andrea Holmer","","","","uMode/_Clientes/Oficina Reserva/00_Institucional/_demandas/D-2025-010.md"
"D-2025-011","oficina-reserva","UMD-541","Ajustar Plan Relatório Reunião de Preço","casa-cliente","19/09/2025","Concluída","Sim","CX Hub — ID: UMD-541","Operação","Sem Área","Concluído","","Suporte","Andrea Holmer","Laura Delgado, Andrea Holmer","","","","uMode/_Clientes/Oficina Reserva/00_Institucional/_demandas/D-2025-011.md"
"D-2025-012","oficina-reserva","UMD-679","Bug - Duplicação de Foto no Check List","casa-cliente","14/10/2025","Concluída","Sim","CX Hub — ID: UMD-679","Operação","Sem Área","Concluído","","Bug","Andrea Holmer","Laura Delgado, Andrea Holmer","","","","uMode/_Clientes/Oficina Reserva/00_Institucional/_demandas/D-2025-012.md"
"D-2025-013","oficina-reserva","UMD-717","Cadastro de Costume","casa-cliente","24/10/2025","Concluída","Sim","CX Hub — ID: UMD-717","Operação","Operação | KA","Concluído","","Configuração","Laura Delgado","Laura Delgado, Andrea Holmer","","","","uMode/_Clientes/Oficina Reserva/00_Institucional/_demandas/D-2025-013.md"
"D-2025-014","oficina-reserva","UMD-716","Importar os novos pacotes de materiais","casa-cliente","24/10/2025","Concluída","Sim","CX Hub — ID: UMD-716","Operação","Sem Área","Concluído","","Suporte","Laura Delgado","Laura Delgado, Andrea Holmer","","","","uMode/_Clientes/Oficina Reserva/00_Institucional/_demandas/D-2025-014.md"
"D-2025-015","oficina-reserva","UMD-853","Alterar regra de integração - Produtos Importados","casa-cliente","01/12/2025","Concluída","Sim","CX Hub — ID: UMD-853","Operação","Sem Área","Concluído","","Integração","Laura Delgado","Laura Delgado, Andrea Holmer","","","","uMode/_Clientes/Oficina Reserva/00_Institucional/_demandas/D-2025-015.md"
"D-2025-016","oficina-reserva","UMD-883","Revisar Perfil e Permissionamento","casa-cliente","15/12/2025","Concluída","Sim","CX Hub — ID: UMD-883","Operação","Operação | KA","Concluído","","Configuração","Laura Delgado","Laura Delgado, Andrea Holmer","","","","uMode/_Clientes/Oficina Reserva/00_Institucional/_demandas/D-2025-016.md"
"D-2026-001","oficina-reserva","UMD-898","Material não integrou novamente","casa-cliente","06/01/2026","Concluída","Sim","CX Hub — ID: UMD-898","Operação","Sem Área","Concluído","","Suporte","Ana Paula Ramos","","","","","uMode/_Clientes/Oficina Reserva/00_Institucional/_demandas/D-2026-001.md"
"D-2026-002","oficina-reserva","UMD-958","Duplicação de Variante em Materiais (Custo Dinâmico)","casa-cliente","28/01/2026","Concluída","Sim","CX Hub — ID: UMD-958","Tech","Suporte Tech","Análise","","Integração","Andrea Holmer","Laura Delgado, Andrea Holmer","","","","uMode/_Clientes/Oficina Reserva/00_Institucional/_demandas/D-2026-002.md"
"D-2026-003","oficina-reserva","UMD-957","Ajustar Perfil Ana Queiroz","casa-cliente","28/01/2026","Concluída","Sim","CX Hub — ID: UMD-957","Operação","Sem Área","Concluído","","Configuração","Andrea Holmer","Laura Delgado, Andrea Holmer","","","","uMode/_Clientes/Oficina Reserva/00_Institucional/_demandas/D-2026-003.md"
"D-2026-004","oficina-reserva","UMD-956","Avaliar questão de Kits Multicolors","casa-cliente","28/01/2026","Concluída","Sim","CX Hub — ID: UMD-956","Operação","Operação | KA","Concluído","","Configuração","Laura Delgado","Laura Delgado, Andrea Holmer","","","","uMode/_Clientes/Oficina Reserva/00_Institucional/_demandas/D-2026-004.md"
"D-2026-005","oficina-reserva","UMD-1002","Produto não gerou código linx","casa-cliente","20/02/2026","Concluída","Sim","CX Hub — ID: UMD-1002","","","Concluído","","Integração","Ana Paula Ramos","","","","","uMode/_Clientes/Oficina Reserva/00_Institucional/_demandas/D-2026-005.md"
"D-2026-006","oficina-reserva","UMD-1018","Produto não gerou código linx (2)","casa-cliente","26/02/2026","Concluída","Sim","CX Hub — ID: UMD-1018","","","Concluído","","Integração","Marina Santoro","","","","","uMode/_Clientes/Oficina Reserva/00_Institucional/_demandas/D-2026-006.md"
"D-2026-007","oficina-reserva","UMD-1131","Analisar erro de Integração","casa-cliente","24/03/2026","Concluída","Sim","CX Hub — ID: UMD-1131","Tech","Suporte Tech","Concluído","","Integração","Andrea Holmer","Laura Delgado, Andrea Holmer","","","","uMode/_Clientes/Oficina Reserva/00_Institucional/_demandas/D-2026-007.md"
"D-2026-008","oficina-reserva","UMD-1138","Cadastro de Fornecedor - KRUNA COMERCIO IMP","casa-cliente","26/03/2026","Concluída","Sim","CX Hub — ID: UMD-1138","Tech","Suporte Tech","Concluído","","Integração","Laura Delgado","Laura Delgado, Andrea Holmer","","","","uMode/_Clientes/Oficina Reserva/00_Institucional/_demandas/D-2026-008.md"
"D-2026-009","oficina-reserva","UMD-1137","Material com custo errado - Malha Bergamo Flex 01.11.1308","casa-cliente","26/03/2026","Concluída","Sim","CX Hub — ID: UMD-1137","Tech","Suporte Tech","Concluído","","Integração","Laura Delgado","Laura Delgado, Andrea Holmer","","","","uMode/_Clientes/Oficina Reserva/00_Institucional/_demandas/D-2026-009.md"
"D-2026-010","oficina-reserva","UMD-1167","Informações em branco ao gerar CSV na Interface 1","casa-cliente","02/04/2026","Concluída","Sim","CX Hub — ID: UMD-1167","Operação","Sem Área","Concluído","","Integração","Andrea Holmer","Laura Delgado, Andrea Holmer","","","","uMode/_Clientes/Oficina Reserva/00_Institucional/_demandas/D-2026-010.md"
"D-2026-011","oficina-reserva","UMD-1155","Produtos cadastrados que o Cód. Linx não está aparecendo na uMode nem no SAP.","casa-cliente","02/04/2026","Concluída","Sim","CX Hub — ID: UMD-1155","Tech","Suporte Tech","Concluído","","Integração","Laura Delgado","Laura Delgado, Andrea Holmer","","","","uMode/_Clientes/Oficina Reserva/00_Institucional/_demandas/D-2026-011.md"
"D-2026-012","oficina-reserva","UMD-1245","Ajuste de e-mail de usuário","casa-cliente","05/05/2026","Concluída","Sim","CX Hub — ID: UMD-1245","","","Análise","","Suporte","Laura Delgado","","","","","uMode/_Clientes/Oficina Reserva/00_Institucional/_demandas/D-2026-012.md"
"D-2025-001","osklen","UMD-341","Campo Coleção na Ficha Técnica","casa-cliente","29/08/2025","Concluída","Sim","CX Hub — ID: UMD-341","Operação","Operação | KA","Concluído","","Integração","Vanessa Rinaldi","Julianne Rodrigues","","","","uMode/_Clientes/Osklen/00_Institucional/_demandas/D-2025-001.md"
"D-2025-002","osklen","UMD-339","Criar campo TIPO DE MATERIAL na aba TECIDOS","casa-cliente","29/08/2025","Concluída","Sim","CX Hub — ID: UMD-339","Operação","Operação | KA","Concluído","","Configuração","Vanessa Rinaldi","Julianne Rodrigues","","","","uMode/_Clientes/Osklen/00_Institucional/_demandas/D-2025-002.md"
"D-2025-003","osklen","UMD-338","Dificuldades para visualizar alguns aviamentos e suas cores, apontando divergências de…","casa-cliente","29/08/2025","Concluída","Sim","CX Hub — ID: UMD-338","Operação","Sem Área","Concluído","","Suporte","Vanessa Rinaldi","Julianne Rodrigues","","","","uMode/_Clientes/Osklen/00_Institucional/_demandas/D-2025-003.md"
"D-2025-004","osklen","UMD-362","Criar campo Limited Edition","casa-cliente","29/08/2025","Concluída","Sim","CX Hub — ID: UMD-362","Operação","Sem Área","Concluído","","Configuração","Vanessa Rinaldi","Julianne Rodrigues","","","","uMode/_Clientes/Osklen/00_Institucional/_demandas/D-2025-004.md"
"D-2025-005","osklen","UMD-343","Necessidade de 2 tabelas de medidas por produto","casa-cliente","29/08/2025","Concluída","Sim","CX Hub — ID: UMD-343","","","Cancelado","","Melhoria","Vanessa Rinaldi","","","","","uMode/_Clientes/Osklen/00_Institucional/_demandas/D-2025-005.md"
"D-2025-006","osklen","UMD-342","Bordados e Estampas","casa-cliente","29/08/2025","Concluída","Sim","CX Hub — ID: UMD-342","Operação","Operação | KA","Concluído","","Configuração","Vanessa Rinaldi","Julianne Rodrigues","","","","uMode/_Clientes/Osklen/00_Institucional/_demandas/D-2025-006.md"
"D-2025-007","osklen","UMD-337","Criação de Ficha de Print para Couro","casa-cliente","29/08/2025","Concluída","Sim","CX Hub — ID: UMD-337","Operação","Operação | KA","Concluído","","Configuração","Vanessa Rinaldi","Pedro Murillo, Julianne Rodrigues","","","","uMode/_Clientes/Osklen/00_Institucional/_demandas/D-2025-007.md"
"D-2025-008","osklen","UMD-333","Revisar Ficha de Calçados - Pendente campos específicos para calçados, como descrição d…","casa-cliente","29/08/2025","Concluída","Sim","CX Hub — ID: UMD-333","Operação","Sem Área","Concluído","Urgente","Suporte","Vanessa Rinaldi","Julianne Rodrigues, Pedro Murillo","","","","uMode/_Clientes/Osklen/00_Institucional/_demandas/D-2025-008.md"
"D-2025-009","osklen","UMD-332","Aviamentos e matérias primas específicas para surfwear,","casa-cliente","29/08/2025","Concluída","Sim","CX Hub — ID: UMD-332","Operação","Sem Área","Concluído","","Integração","Vanessa Rinaldi","Julianne Rodrigues, Pedro Murillo","","","","uMode/_Clientes/Osklen/00_Institucional/_demandas/D-2025-009.md"
"D-2025-010","osklen","UMD-331","Criar campo PRODUÇÃO MÍNIMA","casa-cliente","29/08/2025","Concluída","Sim","CX Hub — ID: UMD-331","Operação","Sem Área","Concluído","","Integração","Vanessa Rinaldi","Julianne Rodrigues","","","","uMode/_Clientes/Osklen/00_Institucional/_demandas/D-2025-010.md"
"D-2025-011","osklen","UMD-336","Parametrização da lista de LOCAIS DE APLICAÇÃO para correta identificação dos materiais…","casa-cliente","29/08/2025","Concluída","Sim","CX Hub — ID: UMD-336","Operação","Sem Área","Concluído","","Configuração","Vanessa Rinaldi","Julianne Rodrigues","","","","uMode/_Clientes/Osklen/00_Institucional/_demandas/D-2025-011.md"
"D-2025-012","osklen","UMD-335","Criar campo RESPONSÁVEL PELA COMPRA - Necessidade de ter na Ficha Técnica materiais que…","casa-cliente","29/08/2025","Concluída","Sim","CX Hub — ID: UMD-335","Operação","Sem Área","Concluído","","Configuração","Vanessa Rinaldi","Julianne Rodrigues","","","","uMode/_Clientes/Osklen/00_Institucional/_demandas/D-2025-012.md"
"D-2025-013","osklen","UMD-334","Múltiplos fornecedores para o mesmo produto e o envio de Fichas com nome de cada um","casa-cliente","29/08/2025","Concluída","Sim","CX Hub — ID: UMD-334","Operação","Sem Área","Concluído","","Configuração","Vanessa Rinaldi","Julianne Rodrigues","","","","uMode/_Clientes/Osklen/00_Institucional/_demandas/D-2025-013.md"
"D-2025-014","osklen","UMD-361","Coordenados","casa-cliente","05/09/2025","Concluída","Sim","CX Hub — ID: UMD-361","Operação","Sem Área","Concluído","","Integração","Vanessa Rinaldi","Julianne Rodrigues, Pedro Murillo","","","","uMode/_Clientes/Osklen/00_Institucional/_demandas/D-2025-014.md"
"D-2025-015","osklen","UMD-364","Campos pendentes integração","casa-cliente","05/09/2025","Concluída","Sim","CX Hub — ID: UMD-364","Operação","Sem Área","Concluído","","Integração","Vanessa Rinaldi","","","","","uMode/_Clientes/Osklen/00_Institucional/_demandas/D-2025-015.md"
"D-2025-016","osklen","UMD-358","Criar campo check “Aquisição Fornecedor” dentro da aba de Tecidos e Aviamentos","casa-cliente","05/09/2025","Concluída","Sim","CX Hub — ID: UMD-358","Operação","Sem Área","Concluído","","Integração","Vanessa Rinaldi","Julianne Rodrigues","","","","uMode/_Clientes/Osklen/00_Institucional/_demandas/D-2025-016.md"
"D-2025-017","osklen","UMD-359","Criar Ficha Técnica Base com pacotes de aviamentos pré formatados","casa-cliente","05/09/2025","Concluída","Sim","CX Hub — ID: UMD-359","","","Concluído","","Configuração","Vanessa Rinaldi","Julianne Rodrigues","","","","uMode/_Clientes/Osklen/00_Institucional/_demandas/D-2025-017.md"
"D-2025-018","osklen","UMD-360","Tratamento da Coleção por produto e a visualização do Mapa considerando produtos Perene…","casa-cliente","05/09/2025","Concluída","Sim","CX Hub — ID: UMD-360","Operação","Produto | Inovação","Backlog","Alta","Melhoria","Vanessa Rinaldi","Julianne Rodrigues, Pedro Murillo","Aguardando Decisão","","","uMode/_Clientes/Osklen/00_Institucional/_demandas/D-2025-018.md"
"D-2025-019","osklen","UMD-366","Pendente definição de organização das pastas para Calçados","casa-cliente","09/09/2025","Concluída","Sim","CX Hub — ID: UMD-366","Operação","Sem Área","Concluído","","Configuração","Vanessa Rinaldi","Julianne Rodrigues, Pedro Murillo","","","","uMode/_Clientes/Osklen/00_Institucional/_demandas/D-2025-019.md"
"D-2025-020","osklen","UMD-554","Revisão Aba Variantes conforme Linx","casa-cliente","10/09/2025","Concluída","Sim","CX Hub — ID: UMD-554","","","Concluído","","Integração","Marina Santoro","","","","","uMode/_Clientes/Osklen/00_Institucional/_demandas/D-2025-020.md"
"D-2025-021","osklen","UMD-401","Ajustar nome do campo CÁPSULA para CÁPSULA/ENTRADA + Higienizar lista","casa-cliente","12/09/2025","Concluída","Sim","CX Hub — ID: UMD-401","Operação","Operação | KA","Concluído","","Integração","Vanessa Rinaldi","Julianne Rodrigues","","","","uMode/_Clientes/Osklen/00_Institucional/_demandas/D-2025-021.md"
"D-2025-022","osklen","UMD-407","Criar a aba Comentários Gerais com campo rico para anotações rápidas","casa-cliente","12/09/2025","Concluída","Sim","CX Hub — ID: UMD-407","Operação","Operação | KA","Concluído","","Configuração","Vanessa Rinaldi","Julianne Rodrigues","","","","uMode/_Clientes/Osklen/00_Institucional/_demandas/D-2025-022.md"
"D-2025-023","osklen","UMD-405","Integração do campo SUPPLY com campo MODELISTA","casa-cliente","12/09/2025","Concluída","Sim","CX Hub — ID: UMD-405","Operação","Sem Área","Concluído","","Integração","Vanessa Rinaldi","Julianne Rodrigues","","","","uMode/_Clientes/Osklen/00_Institucional/_demandas/D-2025-023.md"
"D-2025-024","osklen","UMD-406","Grupos do Whatsapp","casa-cliente","12/09/2025","Concluída","Sim","CX Hub — ID: UMD-406","Operação","Operação | KA","Concluído","","Configuração","Vanessa Rinaldi","","","","","uMode/_Clientes/Osklen/00_Institucional/_demandas/D-2025-024.md"
"D-2025-025","osklen","UMD-476","Incluir novos campos com hierarquia a serem integrados com o Linx","casa-cliente","22/09/2025","Concluída","Sim","CX Hub — ID: UMD-476","Tech","Suporte Tech","Concluído","","Integração","Vanessa Rinaldi","Julianne Rodrigues, Pedro Murillo","","","","uMode/_Clientes/Osklen/00_Institucional/_demandas/D-2025-025.md"
"D-2025-026","osklen","UMD-473","Copiar / Colar ou arrastar imagens ao invés de fazer upload","casa-cliente","22/09/2025","Concluída","Sim","CX Hub — ID: UMD-473","","","Cancelado","","Melhoria","Vanessa Rinaldi","","","","","uMode/_Clientes/Osklen/00_Institucional/_demandas/D-2025-026.md"
"D-2025-027","osklen","UMD-477","Ajustar Locais de aplicação de minúscula para letras maiúsculas","casa-cliente","22/09/2025","Concluída","Sim","CX Hub — ID: UMD-477","Operação","Sem Área","Concluído","","Suporte","Vanessa Rinaldi","Julianne Rodrigues, Pedro Murillo","","","","uMode/_Clientes/Osklen/00_Institucional/_demandas/D-2025-027.md"
"D-2025-028","osklen","UMD-475","Movimentar campos BANDEIRA e INICIATIVA para a aba de Design","casa-cliente","22/09/2025","Concluída","Sim","CX Hub — ID: UMD-475","Operação","Sem Área","Concluído","","Integração","Vanessa Rinaldi","Julianne Rodrigues, Pedro Murillo","","","","uMode/_Clientes/Osklen/00_Institucional/_demandas/D-2025-028.md"
"D-2025-029","osklen","UMD-470","TEMA na página de criação do produto","casa-cliente","22/09/2025","Concluída","Sim","CX Hub — ID: UMD-470","","","Cancelado","","Melhoria","Vanessa Rinaldi","Julianne Rodrigues, Pedro Murillo","","","","uMode/_Clientes/Osklen/00_Institucional/_demandas/D-2025-029.md"
"D-2025-030","osklen","UMD-472","Criar campo DESIGNER DE MODA na aba Informações Gerais","casa-cliente","22/09/2025","Concluída","Sim","CX Hub — ID: UMD-472","Operação","Operação | KA","Concluído","","Configuração","Vanessa Rinaldi","Julianne Rodrigues, Pedro Murillo","","","","uMode/_Clientes/Osklen/00_Institucional/_demandas/D-2025-030.md"
"D-2025-031","osklen","UMD-474","Excluir campo CÁPSULA do produto","casa-cliente","22/09/2025","Concluída","Sim","CX Hub — ID: UMD-474","Operação","Operação | KA","Concluído","","Configuração","Vanessa Rinaldi","Julianne Rodrigues, Pedro Murillo","","","","uMode/_Clientes/Osklen/00_Institucional/_demandas/D-2025-031.md"
"D-2025-032","osklen","UMD-523","Inclusão do campo PRECO TAB PC","casa-cliente","24/09/2025","Concluída","Sim","CX Hub — ID: UMD-523","Operação","Sem Área","Concluído","","Integração","Marina Santoro","Julianne Rodrigues","","","","uMode/_Clientes/Osklen/00_Institucional/_demandas/D-2025-032.md"
"D-2025-033","osklen","UMD-522","Acrescentar aba de “ARTES” para associar às fichas de produto","casa-cliente","24/09/2025","Concluída","Sim","CX Hub — ID: UMD-522","Operação","Operação | KA","Concluído","","Configuração","Julianne Rodrigues","","","","","uMode/_Clientes/Osklen/00_Institucional/_demandas/D-2025-033.md"
"D-2025-034","osklen","UMD-539","Visualização de estoque dos materiais","casa-cliente","26/09/2025","Concluída","Sim","CX Hub — ID: UMD-539","","","Cancelado","","Produto","Vanessa Rinaldi","","","","","uMode/_Clientes/Osklen/00_Institucional/_demandas/D-2025-034.md"
"D-2025-035","osklen","UMD-548","Criar campos mapeados na integração","casa-cliente","30/09/2025","Concluída","Sim","CX Hub — ID: UMD-548","Operação","Operação | KA","Concluído","","Configuração","Julianne Rodrigues","","","","","uMode/_Clientes/Osklen/00_Institucional/_demandas/D-2025-035.md"
"D-2025-036","osklen","UMD-659","Criar fichas de materiais: zíper, botão","casa-cliente","02/10/2025","Concluída","Sim","CX Hub — ID: UMD-659","Operação","Sem Área","Backlog","","Configuração","Julianne Rodrigues","","","","","uMode/_Clientes/Osklen/00_Institucional/_demandas/D-2025-036.md"
"D-2025-037","osklen","UMD-1085","Carga de Produtos antigos (Repetições e Perenes) INV 27","casa-cliente","03/10/2025","Concluída","Sim","CX Hub — ID: UMD-1085","Operação","Sem Área","Concluído","Alta","Integração","Julianne Rodrigues","","","","","uMode/_Clientes/Osklen/00_Institucional/_demandas/D-2025-037.md"
"D-2025-038","osklen","UMD-557","Criar novos LOCAIS DE APLICAÇÃO para BOLSAS","casa-cliente","03/10/2025","Concluída","Sim","CX Hub — ID: UMD-557","Operação","Sem Área","Concluído","","Configuração","Julianne Rodrigues","","","","","uMode/_Clientes/Osklen/00_Institucional/_demandas/D-2025-038.md"
"D-2025-039","osklen","UMD-626","Carga de Produtos antigos (Repetições e Perenes)","casa-cliente","03/10/2025","Concluída","Sim","CX Hub — ID: UMD-626","Operação","Sem Área","Concluído","Alta","Integração","Vanessa Rinaldi","","","","","uMode/_Clientes/Osklen/00_Institucional/_demandas/D-2025-039.md"
"D-2025-040","osklen","UMD-627","Travas do Linx no cadastro","casa-cliente","03/10/2025","Concluída","Sim","CX Hub — ID: UMD-627","Tech","Suporte Tech","Concluído","","Integração","Vanessa Rinaldi","","Aguardando Cliente","","","uMode/_Clientes/Osklen/00_Institucional/_demandas/D-2025-040.md"
"D-2025-041","osklen","UMD-641","Avaliar campos específicos de Vestuário","casa-cliente","06/10/2025","Concluída","Sim","CX Hub — ID: UMD-641","Operação","Sem Área","Concluído","","Configuração","Vanessa Rinaldi","","","","","uMode/_Clientes/Osklen/00_Institucional/_demandas/D-2025-041.md"
"D-2025-042","osklen","UMD-638","Template de Impressão de fichas (calçados)","casa-cliente","06/10/2025","Concluída","Sim","CX Hub — ID: UMD-638","Operação","Sem Área","Concluído","Alta","Configuração","Julianne Rodrigues","Pedro Murillo, Julianne Rodrigues","","","","uMode/_Clientes/Osklen/00_Institucional/_demandas/D-2025-042.md"
"D-2025-043","osklen","UMD-633","Criar ação entre campos de variante","casa-cliente","06/10/2025","Concluída","Sim","CX Hub — ID: UMD-633","Operação","Sem Área","Concluído","","Configuração","Marina Santoro","","","","","uMode/_Clientes/Osklen/00_Institucional/_demandas/D-2025-043.md"
"D-2025-044","osklen","UMD-789","Configurar template de impressão vestuário (Masculino e Feminino)","casa-cliente","10/10/2025","Concluída","Sim","CX Hub — ID: UMD-789","Operação","Sem Área","Concluído","Alta","Configuração","Vanessa Rinaldi","Julianne Rodrigues, Pedro Murillo","","","","uMode/_Clientes/Osklen/00_Institucional/_demandas/D-2025-044.md"
"D-2025-045","osklen","UMD-640","Visualização do Fornecedor no card do produto","casa-cliente","10/10/2025","Concluída","Sim","CX Hub — ID: UMD-640","Operação","Produto | Inovação","Backlog","","Melhoria","Vanessa Rinaldi","","","","","uMode/_Clientes/Osklen/00_Institucional/_demandas/D-2025-045.md"
"D-2025-046","osklen","UMD-686","Organizar perfis conforme definição do time osklen","casa-cliente","15/10/2025","Concluída","Sim","CX Hub — ID: UMD-686","Operação","Sem Área","Concluído","","Suporte","Julianne Rodrigues","","","","","uMode/_Clientes/Osklen/00_Institucional/_demandas/D-2025-046.md"
"D-2025-047","osklen","UMD-685","Deixar como padrão na tabela de medidas o cm (ou sempre deixar a que primeiro foi selec…","casa-cliente","15/10/2025","Concluída","Sim","CX Hub — ID: UMD-685","","","Cancelado","","Melhoria","Julianne Rodrigues","","","","","uMode/_Clientes/Osklen/00_Institucional/_demandas/D-2025-047.md"
"D-2025-048","osklen","UMD-687","Verificar possível bug na marcação do @ na aba de chat","casa-cliente","15/10/2025","Concluída","Sim","CX Hub — ID: UMD-687","Operação","Sem Área","Concluído","","Bug","Julianne Rodrigues","","","","","uMode/_Clientes/Osklen/00_Institucional/_demandas/D-2025-048.md"
"D-2025-049","osklen","UMD-690","Board de produtos (macroplan)","casa-cliente","15/10/2025","Concluída","Sim","CX Hub — ID: UMD-690","Operação","Sem Área","Backlog","","Configuração","Julianne Rodrigues","","","","","uMode/_Clientes/Osklen/00_Institucional/_demandas/D-2025-049.md"
"D-2025-050","osklen","UMD-695","Entender a lista de cores: sanitizar e entender possível separação entre MP e aviamento…","casa-cliente","15/10/2025","Concluída","Sim","CX Hub — ID: UMD-695","Operação","Operação | KA","Cancelado","","Suporte","Julianne Rodrigues","Julianne Rodrigues","","","","uMode/_Clientes/Osklen/00_Institucional/_demandas/D-2025-050.md"
"D-2025-051","osklen","UMD-684","Faltando, no campo grade, a opção ""39 ao 45 (Calçados)"". Alinhar na integração;","casa-cliente","15/10/2025","Concluída","Sim","CX Hub — ID: UMD-684","","","Concluído","","Integração","Julianne Rodrigues","","","","","uMode/_Clientes/Osklen/00_Institucional/_demandas/D-2025-051.md"
"D-2025-052","osklen","UMD-672","Entender necessidade de integrar Tabela de Medidas (pós intergação v1)","casa-cliente","15/10/2025","Concluída","Sim","CX Hub — ID: UMD-672","Tech","Suporte Tech","Backlog","","Integração","Marina Santoro","Marina Santoro","","","","uMode/_Clientes/Osklen/00_Institucional/_demandas/D-2025-052.md"
"D-2025-053","osklen","UMD-670","Atualizar lista de Grupo e Subgrupo","casa-cliente","15/10/2025","Concluída","Sim","CX Hub — ID: UMD-670","Operação","Sem Área","Concluído","","Integração","Marina Santoro","Julianne Rodrigues","","","","uMode/_Clientes/Osklen/00_Institucional/_demandas/D-2025-053.md"
"D-2025-054","osklen","UMD-673","Entender necessidade de integrar Rota (pós intergação v1)","casa-cliente","15/10/2025","Concluída","Sim","CX Hub — ID: UMD-673","Tech","Suporte Tech","Concluído","","Integração","Marina Santoro","Marina Santoro","","","","uMode/_Clientes/Osklen/00_Institucional/_demandas/D-2025-054.md"
"D-2025-055","osklen","UMD-683","Atualizar listas de campos DESIGN DEMODA e GERENTES","casa-cliente","15/10/2025","Concluída","Sim","CX Hub — ID: UMD-683","","","Concluído","","Configuração","Julianne Rodrigues","","","","","uMode/_Clientes/Osklen/00_Institucional/_demandas/D-2025-055.md"
"D-2025-056","osklen","UMD-693","Adicionar, na variante, um status de aprovação pois pode ser, no caso de repetições, qu…","casa-cliente","16/10/2025","Concluída","Sim","CX Hub — ID: UMD-693","","","Concluído","","Configuração","Julianne Rodrigues","Julianne Rodrigues","","","","uMode/_Clientes/Osklen/00_Institucional/_demandas/D-2025-056.md"
"D-2025-057","osklen","UMD-677","Ações campos de integração","casa-cliente","16/10/2025","Concluída","Sim","CX Hub — ID: UMD-677","Operação","Sem Área","Concluído","","Integração","Marina Santoro","Marina Santoro","","","","uMode/_Clientes/Osklen/00_Institucional/_demandas/D-2025-057.md"
"D-2025-058","osklen","UMD-628","Campos específicos para Sustentabilidade","casa-cliente","17/10/2025","Concluída","Sim","CX Hub — ID: UMD-628","Operação","Sem Área","Backlog","","Configuração","Vanessa Rinaldi","","","","","uMode/_Clientes/Osklen/00_Institucional/_demandas/D-2025-058.md"
"D-2025-059","osklen","UMD-714","Criar playbook (ppt-Osklen) de treinamento FAQ","casa-cliente","17/10/2025","Concluída","Sim","CX Hub — ID: UMD-714","Operação","Operação | KA","Concluído","Alta","Configuração","Julianne Rodrigues","Julianne Rodrigues","","","","uMode/_Clientes/Osklen/00_Institucional/_demandas/D-2025-059.md"
"D-2025-060","osklen","UMD-721","Enviar email semanal com as demandas “uMode & Osklen news”","casa-cliente","17/10/2025","Concluída","Sim","CX Hub — ID: UMD-721","Operação","Operação | KA","Concluído","","Configuração","Julianne Rodrigues","Julianne Rodrigues","","","","uMode/_Clientes/Osklen/00_Institucional/_demandas/D-2025-060.md"
"D-2025-061","osklen","UMD-699","Processo: Design de Moda não sabe, quando começa a desenvolver, se vai ser Facção ou PA…","casa-cliente","20/10/2025","Concluída","Sim","CX Hub — ID: UMD-699","Operação","Operação | KA","Concluído","","Suporte","Julianne Rodrigues","","","","","uMode/_Clientes/Osklen/00_Institucional/_demandas/D-2025-061.md"
"D-2025-062","osklen","UMD-700","Processo + Tecnologia: quando, em uma coleção, está sendo produzido em um fornecedor e,…","casa-cliente","20/10/2025","Concluída","Sim","CX Hub — ID: UMD-700","Operação","Operação | KA","Concluído","","Suporte","Julianne Rodrigues","","","","","uMode/_Clientes/Osklen/00_Institucional/_demandas/D-2025-062.md"
"D-2025-063","osklen","UMD-701","Custo de matéria-prima LINX: melhoria já em andamento (Carol). LINX faz um custo médio…","casa-cliente","20/10/2025","Concluída","Sim","CX Hub — ID: UMD-701","Tech","Suporte Tech","Cancelado","","Integração","Julianne Rodrigues","","","","","uMode/_Clientes/Osklen/00_Institucional/_demandas/D-2025-063.md"
"D-2025-064","osklen","UMD-694","Grade diferenciada entre o desenvolvimento e compra. LINX aceita apenas o cadastro do q…","casa-cliente","20/10/2025","Concluída","Sim","CX Hub — ID: UMD-694","Tech","Suporte Tech","Concluído","","Configuração","Julianne Rodrigues","","","","","uMode/_Clientes/Osklen/00_Institucional/_demandas/D-2025-064.md"
"D-2025-065","osklen","UMD-691","No empenho de materiais já puxar a mesma unidade de medida do cadastro desse material (…","casa-cliente","20/10/2025","Concluída","Sim","CX Hub — ID: UMD-691","","","Concluído","","Suporte","Julianne Rodrigues","","","","","uMode/_Clientes/Osklen/00_Institucional/_demandas/D-2025-065.md"
"D-2025-066","osklen","UMD-696","Campo ""Observação"": definir quem é responsável pelo preenchimento - Supply ou Design de…","casa-cliente","20/10/2025","Concluída","Sim","CX Hub — ID: UMD-696","Operação","Operação | KA","Concluído","","Suporte","Julianne Rodrigues","","","","","uMode/_Clientes/Osklen/00_Institucional/_demandas/D-2025-066.md"
"D-2025-067","osklen","UMD-697","Fazer alinhamento e definição do processo da uso da aba ""Artes"" junto do Pedro (designe…","casa-cliente","20/10/2025","Concluída","Sim","CX Hub — ID: UMD-697","Operação","Operação | KA","Concluído","","Suporte","Julianne Rodrigues","","","","","uMode/_Clientes/Osklen/00_Institucional/_demandas/D-2025-067.md"
"D-2025-068","osklen","UMD-698","Fazer alinhamento e definição sobre envio do MIX de Produto para criação dos cards da U…","casa-cliente","20/10/2025","Concluída","Sim","CX Hub — ID: UMD-698","Operação","Operação | KA","Concluído","","Configuração","Julianne Rodrigues","","","","","uMode/_Clientes/Osklen/00_Institucional/_demandas/D-2025-068.md"
"D-2025-069","osklen","UMD-708","Regra de integração","casa-cliente","21/10/2025","Concluída","Sim","CX Hub — ID: UMD-708","Operação","Operação | KA","Cancelado","","Integração","Julianne Rodrigues","","","","","uMode/_Clientes/Osklen/00_Institucional/_demandas/D-2025-069.md"
"D-2025-070","osklen","UMD-791","Aprovações PILOTOS e CALCE","casa-cliente","03/11/2025","Concluída","Sim","CX Hub — ID: UMD-791","Operação","Operação | KA","Concluído","","Configuração","Julianne Rodrigues","Julianne Rodrigues, Pedro Murillo","","","","uMode/_Clientes/Osklen/00_Institucional/_demandas/D-2025-070.md"
"D-2025-071","osklen","UMD-785","Medidas da palmilha - CALÇADOS","casa-cliente","04/11/2025","Concluída","Sim","CX Hub — ID: UMD-785","Operação","Operação | KA","Concluído","","Configuração","Julianne Rodrigues","Julianne Rodrigues, Pedro Murillo","","","","uMode/_Clientes/Osklen/00_Institucional/_demandas/D-2025-071.md"
"D-2025-072","osklen","UMD-790","View Ficha de Couro + Campos de produto","casa-cliente","07/11/2025","Concluída","Sim","CX Hub — ID: UMD-790","Operação","Sem Área","Backlog","","Relatório","Julianne Rodrigues","Julianne Rodrigues, Pedro Murillo","","","","uMode/_Clientes/Osklen/00_Institucional/_demandas/D-2025-072.md"
"D-2025-073","osklen","UMD-796","Demandas de cadastro email","casa-cliente","11/11/2025","Concluída","Sim","CX Hub — ID: UMD-796","Operação","Operação | KA","Concluído","","Suporte","Julianne Rodrigues","Julianne Rodrigues, Pedro Murillo","","","","uMode/_Clientes/Osklen/00_Institucional/_demandas/D-2025-073.md"
"D-2025-074","osklen","UMD-822","Exportação ALTO VERÃO 27","casa-cliente","18/11/2025","Concluída","Sim","CX Hub — ID: UMD-822","Operação","Sem Área","Concluído","","Suporte","Pedro Murillo","Pedro Murillo, Julianne Rodrigues","","","","uMode/_Clientes/Osklen/00_Institucional/_demandas/D-2025-074.md"
"D-2025-075","osklen","UMD-840","Template de aprovação","casa-cliente","27/11/2025","Concluída","Sim","CX Hub — ID: UMD-840","Operação","Sem Área","Concluído","","Configuração","Julianne Rodrigues","","","","","uMode/_Clientes/Osklen/00_Institucional/_demandas/D-2025-075.md"
"D-2025-076","osklen","UMD-839","Template de aprovação “carta lacre” calçados","casa-cliente","27/11/2025","Concluída","Sim","CX Hub — ID: UMD-839","Operação","Sem Área","Concluído","","Configuração","Julianne Rodrigues","","","","","uMode/_Clientes/Osklen/00_Institucional/_demandas/D-2025-076.md"
"D-2025-077","osklen","UMD-890","Ajustar Campos de Calçados em Aprovações em Produção","casa-cliente","19/12/2025","Concluída","Sim","CX Hub — ID: UMD-890","Operação","Operação | KA","Concluído","","Configuração","Vanessa Rinaldi","","","","","uMode/_Clientes/Osklen/00_Institucional/_demandas/D-2025-077.md"
"D-2025-078","osklen","UMD-894","Movimentar campos LACRE OSKLEN e LACRE FÁBRICA para a Aprovação","casa-cliente","23/12/2025","Concluída","Sim","CX Hub — ID: UMD-894","","","Concluído","","","Vanessa Rinaldi","","","","","uMode/_Clientes/Osklen/00_Institucional/_demandas/D-2025-078.md"
"D-2026-001","osklen","UMD-901","Configurar título na ficha técnica","casa-cliente","05/01/2026","Concluída","Sim","CX Hub — ID: UMD-901","","","Concluído","","Configuração","Pedro Murillo","Pedro Murillo, Julianne Rodrigues","","","","uMode/_Clientes/Osklen/00_Institucional/_demandas/D-2026-001.md"
"D-2026-002","osklen","UMD-897","Template de aprovação de Acessórios e Bolsas","casa-cliente","05/01/2026","Concluída","Sim","CX Hub — ID: UMD-897","Operação","Sem Área","Concluído","","Configuração","Julianne Rodrigues","Julianne Rodrigues","","","","uMode/_Clientes/Osklen/00_Institucional/_demandas/D-2026-002.md"
"D-2026-003","osklen","UMD-902","Troca de campo de Supply","casa-cliente","05/01/2026","Concluída","Sim","CX Hub — ID: UMD-902","","","Concluído","","Configuração","Pedro Murillo","Pedro Murillo, Julianne Rodrigues","","","","uMode/_Clientes/Osklen/00_Institucional/_demandas/D-2026-003.md"
"D-2026-004","osklen","UMD-800","Material, cor e grade não subiram na integração de leitura","casa-cliente","09/01/2026","Concluída","Sim","CX Hub — ID: UMD-800","Tech","Suporte Tech","Concluído","Média","Integração","Julianne Rodrigues","Julianne Rodrigues, Pedro Murillo","","","","uMode/_Clientes/Osklen/00_Institucional/_demandas/D-2026-004.md"
"D-2026-005","osklen","UMD-920","Ajustes finais Ficha de Calçados","casa-cliente","19/01/2026","Concluída","Sim","CX Hub — ID: UMD-920","Operação","Sem Área","Concluído","","Configuração","Vanessa Rinaldi","","","","","uMode/_Clientes/Osklen/00_Institucional/_demandas/D-2026-005.md"
"D-2026-006","osklen","UMD-942","Erro no campo SUBGRUPO ao importar produtos","casa-cliente","22/01/2026","Concluída","Sim","CX Hub — ID: UMD-942","Tech","Suporte Tech","Concluído","","Bug","Pedro Murillo","Pedro Murillo, Julianne Rodrigues","","","","uMode/_Clientes/Osklen/00_Institucional/_demandas/D-2026-006.md"
"D-2026-007","osklen","UMD-968","Atualizar as listas dos campos conforme a planilha documentada na demanda","casa-cliente","04/02/2026","Concluída","Sim","CX Hub — ID: UMD-968","Operação","Sem Área","Concluído","","Suporte","Julianne Rodrigues","Julianne Rodrigues, Pedro Murillo","","","","uMode/_Clientes/Osklen/00_Institucional/_demandas/D-2026-007.md"
"D-2026-008","osklen","UMD-975","Inativar grupos e subgrupos “antigos” conforme a planilha atual de grupo e subgrupo","casa-cliente","09/02/2026","Concluída","Sim","CX Hub — ID: UMD-975","Operação","Sem Área","Concluído","","Suporte","Julianne Rodrigues","","","","","uMode/_Clientes/Osklen/00_Institucional/_demandas/D-2026-008.md"
"D-2026-009","osklen","UMD-977","Ajustes ficha do couro","casa-cliente","13/02/2026","Concluída","Sim","CX Hub — ID: UMD-977","Operação","Sem Área","Backlog","","Configuração","Julianne Rodrigues","","","","","uMode/_Clientes/Osklen/00_Institucional/_demandas/D-2026-009.md"
"D-2026-010","osklen","UMD-1000","Ocultar o botão Gravar tabela como original","casa-cliente","19/02/2026","Concluída","Sim","CX Hub — ID: UMD-1000","Operação","Sem Área","Concluído","","Configuração","Julianne Rodrigues","","","","","uMode/_Clientes/Osklen/00_Institucional/_demandas/D-2026-010.md"
"D-2026-011","osklen","UMD-974","Ajustes na ficha técnica e template de aprovação dos calçados","casa-cliente","19/02/2026","Concluída","Sim","CX Hub — ID: UMD-974","Operação","Sem Área","Concluído","","Suporte","Julianne Rodrigues","","","","","uMode/_Clientes/Osklen/00_Institucional/_demandas/D-2026-011.md"
"D-2026-012","osklen","UMD-1032","Templates de calçados e acessórios → precisa imprimir apenas com o preenchimento dos ca…","casa-cliente","25/02/2026","Concluída","Sim","CX Hub — ID: UMD-1032","Operação","Sem Área","Cancelado","","Melhoria","Julianne Rodrigues","","","","","uMode/_Clientes/Osklen/00_Institucional/_demandas/D-2026-012.md"
"D-2026-013","osklen","UMD-1013","Atualizar lista campo etiqueta variante","casa-cliente","25/02/2026","Concluída","Sim","CX Hub — ID: UMD-1013","Operação","Sem Área","Concluído","","Suporte","Julianne Rodrigues","","","","","uMode/_Clientes/Osklen/00_Institucional/_demandas/D-2026-013.md"
"D-2026-014","osklen","UMD-1037","Retornar os campos de data para a aba de aprovação - pilotos e calce","casa-cliente","03/03/2026","Concluída","Sim","CX Hub — ID: UMD-1037","Operação","Sem Área","Concluído","","Configuração","Julianne Rodrigues","","","","","uMode/_Clientes/Osklen/00_Institucional/_demandas/D-2026-014.md"
"D-2026-015","osklen","UMD-1051","Alterações na conta após teste de integração 04/03/26","casa-cliente","04/03/2026","Concluída","Sim","CX Hub — ID: UMD-1051","","","Concluído","","Suporte","Marina Santoro","","","","","uMode/_Clientes/Osklen/00_Institucional/_demandas/D-2026-015.md"
"D-2026-016","osklen","UMD-1056","Problemas com integração de cores e materiais","casa-cliente","05/03/2026","Concluída","Sim","CX Hub — ID: UMD-1056","Tech","Suporte Tech","Concluído","","Integração","Pedro Murillo","Pedro Murillo, Julianne Rodrigues","","","","uMode/_Clientes/Osklen/00_Institucional/_demandas/D-2026-016.md"
"D-2026-017","osklen","UMD-1053","Ajustes ficha calçados e bolsa","casa-cliente","05/03/2026","Concluída","Sim","CX Hub — ID: UMD-1053","Operação","Sem Área","Concluído","","Configuração","Julianne Rodrigues","","","","","uMode/_Clientes/Osklen/00_Institucional/_demandas/D-2026-017.md"
"D-2026-018","osklen","UMD-1070","Erros na ficha de impressão","casa-cliente","09/03/2026","Concluída","Sim","CX Hub — ID: UMD-1070","","","Concluído","","Configuração","Ana Paula Ramos","","","","","uMode/_Clientes/Osklen/00_Institucional/_demandas/D-2026-018.md"
"D-2026-019","osklen","UMD-1077","Adicionar hierarquia em campo de aprovação - campo localização","casa-cliente","12/03/2026","Concluída","Sim","CX Hub — ID: UMD-1077","Operação","Produto | Inovação","Análise","","Melhoria","Pedro Murillo","Pedro Murillo","","","","uMode/_Clientes/Osklen/00_Institucional/_demandas/D-2026-019.md"
"D-2026-020","osklen","UMD-1076","Alterações na ficha produto","casa-cliente","12/03/2026","Concluída","Sim","CX Hub — ID: UMD-1076","","","Concluído","","Configuração","Ana Paula Ramos","","","","","uMode/_Clientes/Osklen/00_Institucional/_demandas/D-2026-020.md"
"D-2026-021","osklen","UMD-1097","***Deixar cm ou % default ao preencher o 1º ponto de medida","casa-cliente","16/03/2026","Concluída","Sim","CX Hub — ID: UMD-1097","Operação","Produto | Inovação","Backlog","","Melhoria","Julianne Rodrigues","Julianne Rodrigues","","","","uMode/_Clientes/Osklen/00_Institucional/_demandas/D-2026-021.md"
"D-2026-022","osklen","UMD-689","Cruzar informações de grupo com variante","casa-cliente","17/03/2026","Concluída","Sim","CX Hub — ID: UMD-689","Operação","Sem Área","Cancelado","","Melhoria","Julianne Rodrigues","","","","","uMode/_Clientes/Osklen/00_Institucional/_demandas/D-2026-022.md"
"D-2026-023","osklen","UMD-1118","Fornecedores não aparecem na uMode","casa-cliente","20/03/2026","Concluída","Sim","CX Hub — ID: UMD-1118","Tech","Suporte Tech","Concluído","","Integração","Pedro Murillo","Pedro Murillo, Julianne Rodrigues","","","","uMode/_Clientes/Osklen/00_Institucional/_demandas/D-2026-023.md"
"D-2026-024","osklen","UMD-1122","Campo canais de vendas","casa-cliente","23/03/2026","Concluída","Sim","CX Hub — ID: UMD-1122","Operação","Sem Área","Backlog","","Configuração","Julianne Rodrigues","","","","","uMode/_Clientes/Osklen/00_Institucional/_demandas/D-2026-024.md"
"D-2026-025","osklen","UMD-1147","Ajustes ficha vestuário","casa-cliente","30/03/2026","Concluída","Sim","CX Hub — ID: UMD-1147","Operação","Sem Área","Concluído","","Configuração","Julianne Rodrigues","","","","","uMode/_Clientes/Osklen/00_Institucional/_demandas/D-2026-025.md"
"D-2026-026","osklen","UMD-1198","Ocultar campos do detalhamento calçados e acessórios quando o campo tipo = vestuário","casa-cliente","30/03/2026","Concluída","Sim","CX Hub — ID: UMD-1198","Operação","Sem Área","Concluído","","Configuração","Julianne Rodrigues","","","","","uMode/_Clientes/Osklen/00_Institucional/_demandas/D-2026-026.md"
"D-2026-027","osklen","UMD-1146","Criar aba de lotes","casa-cliente","31/03/2026","Concluída","Sim","CX Hub — ID: UMD-1146","Operação","Sem Área","Análise","","Configuração","Julianne Rodrigues","","","","","uMode/_Clientes/Osklen/00_Institucional/_demandas/D-2026-027.md"
"D-2026-028","osklen","UMD-1169","Habilitar histórico de movimentações do workflow no menu de cadastro da Osklen para tod…","casa-cliente","02/04/2026","Concluída","Sim","CX Hub — ID: UMD-1169","Operação","Sem Área","Concluído","","Configuração","Julianne Rodrigues","","","","","uMode/_Clientes/Osklen/00_Institucional/_demandas/D-2026-028.md"
"D-2026-029","osklen","UMD-1176","Incluir hierarquia no campo ROTA com campo GRUPO (product_type)","casa-cliente","09/04/2026","Concluída","Sim","CX Hub — ID: UMD-1176","Operação","Sem Área","Concluído","","Suporte","Marina Santoro","","","","","uMode/_Clientes/Osklen/00_Institucional/_demandas/D-2026-029.md"
"D-2026-030","osklen","UMD-1180","Configurar automações para Workflows  a validação está ativando corretamente a necessid…","casa-cliente","10/04/2026","Concluída","Sim","CX Hub — ID: UMD-1180","Operação","Sem Área","Concluído","","Configuração","Julianne Rodrigues","Julianne Rodrigues","","","","uMode/_Clientes/Osklen/00_Institucional/_demandas/D-2026-030.md"
"D-2026-031","osklen","UMD-1201","Configurar perfil de fornecedores","casa-cliente","17/04/2026","Concluída","Sim","CX Hub — ID: UMD-1201","Operação","Sem Área","Concluído","","Configuração","Julianne Rodrigues","","","","","uMode/_Clientes/Osklen/00_Institucional/_demandas/D-2026-031.md"
"D-2026-032","osklen","UMD-1213","Feedback relatório padrão - campo subgrupo","casa-cliente","20/04/2026","Concluída","Sim","CX Hub — ID: UMD-1213","Operação","Sem Área","Concluído","","Configuração","Julianne Rodrigues","","","","","uMode/_Clientes/Osklen/00_Institucional/_demandas/D-2026-032.md"
"D-2026-033","osklen","UMD-1214","Enviar somente o tamanho preenchido da tabela para a impressão","casa-cliente","20/04/2026","Concluída","Sim","CX Hub — ID: UMD-1214","Operação","Produto | Inovação","Backlog","","Melhoria","Julianne Rodrigues","Julianne Rodrigues","","","","uMode/_Clientes/Osklen/00_Institucional/_demandas/D-2026-033.md"
"D-2026-034","osklen","UMD-1211","Adicionar cabeçalho em todas as páginas da ficha de calçados , acessórios e vestuário","casa-cliente","20/04/2026","Concluída","Sim","CX Hub — ID: UMD-1211","Operação","Produto | Inovação","Backlog","","Melhoria","Julianne Rodrigues","","","","","uMode/_Clientes/Osklen/00_Institucional/_demandas/D-2026-034.md"
"D-2026-035","osklen","UMD-1218","Template de impressão Acessórios > aparece  apenas 1 imagem da categoria desenho técnic…","casa-cliente","22/04/2026","Concluída","Sim","CX Hub — ID: UMD-1218","Operação","Sem Área","Concluído","","Suporte","Julianne Rodrigues","Julianne Rodrigues","","","","uMode/_Clientes/Osklen/00_Institucional/_demandas/D-2026-035.md"
"D-2026-036","osklen","UMD-1215","Tradução ficha importado ACESSÓRIOS","casa-cliente","22/04/2026","Concluída","Sim","CX Hub — ID: UMD-1215","Operação","Sem Área","Backlog","","Configuração","Julianne Rodrigues","","","","","uMode/_Clientes/Osklen/00_Institucional/_demandas/D-2026-036.md"
"D-2026-037","osklen","UMD-1228","Liberar o campo “liberado para integração”","casa-cliente","27/04/2026","Concluída","Sim","CX Hub — ID: UMD-1228","Operação","Sem Área","Concluído","","Integração","Julianne Rodrigues","Pedro Murillo, Julianne Rodrigues","","","","uMode/_Clientes/Osklen/00_Institucional/_demandas/D-2026-037.md"
"D-2026-038","osklen","UMD-1252","Importação mix parcial","casa-cliente","07/05/2026","Concluída","Sim","CX Hub — ID: UMD-1252","","","Concluído","","Suporte","Julianne Rodrigues","Julianne Rodrigues","","","","uMode/_Clientes/Osklen/00_Institucional/_demandas/D-2026-038.md"
"D-2026-039","osklen","UMD-1145","Tradução ficha técnica vestuário importado","casa-cliente","19/05/2026","Concluída","Sim","CX Hub — ID: UMD-1145","Operação","Sem Área","Concluído","","Configuração","Julianne Rodrigues","","","","","uMode/_Clientes/Osklen/00_Institucional/_demandas/D-2026-039.md"
"D-2025-001","plie","UMD-180","Criar Ficha de Impressão","casa-cliente","24/07/2025","Concluída","Sim","CX Hub — ID: UMD-180","Operação","Sem Área","Concluído","","Configuração","Laura Delgado","Andrea Holmer, Laura Delgado","","","","uMode/_Clientes/Plie/00_Institucional/_demandas/D-2025-001.md"
"D-2025-002","plie","UMD-415","Configurar Ficha de Produto Plie","casa-cliente","15/09/2025","Concluída","Sim","CX Hub — ID: UMD-415","Operação","Sem Área","Concluído","","Configuração","Andrea Holmer","Laura Delgado, Andrea Holmer, Williem Berg Oliveira","","","","uMode/_Clientes/Plie/00_Institucional/_demandas/D-2025-002.md"
"D-2025-003","plie","UMD-560","Revisar as Listas de Seleção para incluir na conta","casa-cliente","25/09/2025","Concluída","Sim","CX Hub — ID: UMD-560","Operação","Operação | KA","Backlog","","Configuração","Laura Delgado","Laura Delgado, Andrea Holmer","","","","uMode/_Clientes/Plie/00_Institucional/_demandas/D-2025-003.md"
"D-2025-004","plie","UMD-784","Ajustes da Ficha - Agendas com time de Cadastro","casa-cliente","05/11/2025","Concluída","Sim","CX Hub — ID: UMD-784","Operação","Operação | KA","Concluído","","Configuração","Laura Delgado","Laura Delgado, Andrea Holmer","","","","uMode/_Clientes/Plie/00_Institucional/_demandas/D-2025-004.md"
"D-2025-005","plie","UMD-793","Preenchimento do campo “Discriminação” automática","casa-cliente","10/11/2025","Concluída","Sim","CX Hub — ID: UMD-793","Operação","Sem Área","Concluído","","Configuração","Laura Delgado","Laura Delgado, Andrea Holmer","","","","uMode/_Clientes/Plie/00_Institucional/_demandas/D-2025-005.md"
"D-2025-006","plie","UMD-792","Travar o Campo “Referência” - reference","casa-cliente","10/11/2025","Concluída","Sim","CX Hub — ID: UMD-792","Operação","Sem Área","Concluído","","Configuração","Laura Delgado","Laura Delgado, Andrea Holmer","","","","uMode/_Clientes/Plie/00_Institucional/_demandas/D-2025-006.md"
"D-2025-007","plie","UMD-801","Criar Aba de Aprovação e Ficha de Impressão de Aprovação","casa-cliente","13/11/2025","Concluída","Sim","CX Hub — ID: UMD-801","Operação","Operação | KA","Concluído","","Configuração","Andrea Holmer","Andrea Holmer, Laura Delgado","","","","uMode/_Clientes/Plie/00_Institucional/_demandas/D-2025-007.md"
"D-2025-008","plie","UMD-867","Campos de Selação “Não se Aplica” - Não levar pra integração","casa-cliente","04/12/2025","Concluída","Sim","CX Hub — ID: UMD-867","Tech","Suporte Tech","Cancelado","","Integração","Laura Delgado","Laura Delgado, Andrea Holmer","","","","uMode/_Clientes/Plie/00_Institucional/_demandas/D-2025-008.md"
"D-2025-009","plie","UMD-882","Criar Ficha de Estampa para gerenciarem o desenvolvimento dos tecidos","casa-cliente","15/12/2025","Concluída","Sim","CX Hub — ID: UMD-882","Operação","Operação | KA","Aguardando Validação","","Configuração","Laura Delgado","Laura Delgado, Andrea Holmer","","","","uMode/_Clientes/Plie/00_Institucional/_demandas/D-2025-009.md"
"D-2025-010","plie","UMD-881","Incluir REGRA para que a primeira integração ocorra somente após um check do Estilo!","casa-cliente","15/12/2025","Concluída","Sim","CX Hub — ID: UMD-881","Tech","Suporte Tech","Cancelado","","Integração","Laura Delgado","Laura Delgado, Andrea Holmer","Outra — valor legado do Notion: ""Aguardando momento oportuno""","","","uMode/_Clientes/Plie/00_Institucional/_demandas/D-2025-010.md"
"D-2026-001","plie","UMD-1022","Trava para que o consumo não seja aplicado com uma unidade de medida diferente da cadas…","casa-cliente","26/02/2026","Concluída","Sim","CX Hub — ID: UMD-1022","Operação","Sem Área","Cancelado","","Configuração","Laura Delgado","Laura Delgado, Andrea Holmer","","","","uMode/_Clientes/Plie/00_Institucional/_demandas/D-2026-001.md"
"D-2026-002","plie","UMD-946","Tabela de Medidas","casa-cliente","27/02/2026","Concluída","Sim","CX Hub — ID: UMD-946","Operação","Operação | KA","Em Revisão","","Configuração","Laura Delgado","Laura Delgado, Andrea Holmer","","","","uMode/_Clientes/Plie/00_Institucional/_demandas/D-2026-002.md"
"D-2026-003","plie","UMD-1064","Desabilitar o botão “gravar como tabela original” para não correr o risco de alguem edi…","casa-cliente","06/03/2026","Concluída","Sim","CX Hub — ID: UMD-1064","Operação","Sem Área","Concluído","","Configuração","Laura Delgado","Laura Delgado, Andrea Holmer","","","","uMode/_Clientes/Plie/00_Institucional/_demandas/D-2026-003.md"
"D-2026-004","plie","UMD-1121","Processo de Cadastro de Tubo","casa-cliente","23/03/2026","Concluída","Sim","CX Hub — ID: UMD-1121","Operação","Operação | KA","Cancelado","","Configuração","Laura Delgado","Laura Delgado, Andrea Holmer","","","","uMode/_Clientes/Plie/00_Institucional/_demandas/D-2026-004.md"
"D-2026-005","plie","UMD-1120","Cadastro de Grade na Integração","casa-cliente","23/03/2026","Concluída","Sim","CX Hub — ID: UMD-1120","Tech","Suporte Tech","Cancelado","","Integração","Laura Delgado","Laura Delgado, Andrea Holmer","","","","uMode/_Clientes/Plie/00_Institucional/_demandas/D-2026-005.md"
"D-2026-006","plie","UMD-1119","Campo GPC - Avaliar na integração","casa-cliente","23/03/2026","Concluída","Sim","CX Hub — ID: UMD-1119","Tech","Suporte Tech","Cancelado","","Integração","Laura Delgado","Laura Delgado, Andrea Holmer","","","","uMode/_Clientes/Plie/00_Institucional/_demandas/D-2026-006.md"
"D-2025-001","puket","UMD-132","Layout da ficha HOMEWEAR.","casa-cliente","13/06/2025","Concluída","Sim","CX Hub — ID: UMD-132","Operação","Produto | Inovação","Cancelado","","Melhoria","Julianne Rodrigues","Julianne Rodrigues","","","","uMode/_Clientes/Puket/00_Institucional/_demandas/D-2025-001.md"
"D-2025-002","puket","UMD-155","Retirar códigos do campo custom sexo, e ajustar lista do campo composição para que toda…","casa-cliente","10/07/2025","Concluída","Sim","CX Hub — ID: UMD-155","Operação","Sem Área","Concluído","","Suporte","Julianne Rodrigues","Julianne Rodrigues","","","","uMode/_Clientes/Puket/00_Institucional/_demandas/D-2025-002.md"
"D-2025-003","puket","UMD-167","A geração e alteração dos códigos de barras tem gatilho na uMode","casa-cliente","17/07/2025","Concluída","Sim","CX Hub — ID: UMD-167","","","Cancelado","","Configuração","Julianne Rodrigues","Julianne Rodrigues","","","","uMode/_Clientes/Puket/00_Institucional/_demandas/D-2025-003.md"
"D-2025-004","puket","UMD-452","TROCA DE GRADE PELO BANCO","casa-cliente","17/09/2025","Concluída","Sim","CX Hub — ID: UMD-452","Operação","Sem Área","Concluído","","Suporte","Pedro Murillo","Pedro Murillo, Julianne Rodrigues","","","","uMode/_Clientes/Puket/00_Institucional/_demandas/D-2025-004.md"
"D-2025-005","puket","UMD-449","Configurar upload de pdf na aba de imagens para Pré-visualizar os arquivos anexados ao…","casa-cliente","18/09/2025","Concluída","Sim","CX Hub — ID: UMD-449","Operação","Produto | Inovação","Concluído","","Configuração","Julianne Rodrigues","Julianne Rodrigues, Pedro Murillo","","","","uMode/_Clientes/Puket/00_Institucional/_demandas/D-2025-005.md"
"D-2025-006","puket","UMD-665","Trocar grade","casa-cliente","14/10/2025","Concluída","Sim","CX Hub — ID: UMD-665","","","Concluído","Alta","Suporte","Ana Paula Ramos","","","","","uMode/_Clientes/Puket/00_Institucional/_demandas/D-2025-006.md"
"D-2025-007","puket","UMD-681","Substituir grades de produtos","casa-cliente","16/10/2025","Concluída","Sim","CX Hub — ID: UMD-681","","","Concluído","","Suporte","Ana Paula Ramos","Julianne Rodrigues","","","","uMode/_Clientes/Puket/00_Institucional/_demandas/D-2025-007.md"
"D-2025-008","puket","UMD-782","Integrar e atualizar  produtos a noite a partir das 18hs","casa-cliente","06/11/2025","Concluída","Sim","CX Hub — ID: UMD-782","Tech","Suporte Tech","Cancelado","","Melhoria","Julianne Rodrigues","","","RFI-2025-002","","uMode/_Clientes/Puket/00_Institucional/_demandas/D-2025-008.md"
"D-2025-009","puket","UMD-807","Criar validação AÇÃO PROMOCIONAL","casa-cliente","13/11/2025","Concluída","Sim","CX Hub — ID: UMD-807","Operação","Sem Área","Concluído","Alta","Configuração","Julianne Rodrigues","Julianne Rodrigues","","","","uMode/_Clientes/Puket/00_Institucional/_demandas/D-2025-009.md"
"D-2025-010","puket","UMD-806","Criar novos perfis Puket Master com acesso a editar empenho de materiais e campo compos…","casa-cliente","13/11/2025","Concluída","Sim","CX Hub — ID: UMD-806","Operação","Sem Área","Cancelado","","Suporte","Julianne Rodrigues","Julianne Rodrigues, Pedro Murillo","","","","uMode/_Clientes/Puket/00_Institucional/_demandas/D-2025-010.md"
"D-2025-011","puket","UMD-138","2º Macroplan Catálogo para ATP (Aqui tem Puket)","casa-cliente","13/11/2025","Concluída","Sim","CX Hub — ID: UMD-138","Operação","Sem Área","Concluído","Média","Configuração","Julianne Rodrigues","Julianne Rodrigues","","RFI-2025-004","","uMode/_Clientes/Puket/00_Institucional/_demandas/D-2025-011.md"
"D-2026-001","puket","UMD-908","Adicionar opções em lista com hierarquia","casa-cliente","08/01/2026","Concluída","Sim","CX Hub — ID: UMD-908","Operação","Operação | KA","Concluído","","Configuração","Julianne Rodrigues","","","","","uMode/_Clientes/Puket/00_Institucional/_demandas/D-2026-001.md"
"D-2026-002","puket","UMD-907","Criar campos obrigatórios ecommerce + validação + integração","casa-cliente","08/01/2026","Concluída","Sim","CX Hub — ID: UMD-907","Tech","Suporte Tech","Análise","Média","Configuração","Julianne Rodrigues","Julianne Rodrigues","","RFI-2026-001","","uMode/_Clientes/Puket/00_Institucional/_demandas/D-2026-002.md"
"D-2026-003","puket","UMD-911","Atualizar capa e template do macroplan","casa-cliente","13/01/2026","Concluída","Sim","CX Hub — ID: UMD-911","Operação","Sem Área","Cancelado","","Configuração","Julianne Rodrigues","","","","","uMode/_Clientes/Puket/00_Institucional/_demandas/D-2026-003.md"
"D-2026-004","puket","UMD-1008","Erro integração campos de informações fiscais","casa-cliente","24/02/2026","Concluída","Sim","CX Hub — ID: UMD-1008","Tech","Suporte Tech","Concluído","","Integração","Julianne Rodrigues","","","","","uMode/_Clientes/Puket/00_Institucional/_demandas/D-2026-004.md"
"D-2026-005","puket","UMD-1217","Produto integrado sem FT no Linx","casa-cliente","16/04/2026","Concluída","Sim","CX Hub — ID: UMD-1217","","","Concluído","","Integração","Pedro Murillo","Julianne Rodrigues","","","","uMode/_Clientes/Puket/00_Institucional/_demandas/D-2026-005.md"
"D-2025-001","recco","UMD-174","Ajustes Ficha de Estampa (Renda)","casa-cliente","18/07/2025","Concluída","Sim","CX Hub — ID: UMD-174","Operação","Operação | KA","Concluído","","Suporte","Marina Santoro","Julianne Rodrigues","","","","uMode/_Clientes/Recco/00_Institucional/_demandas/D-2025-001.md"
"D-2025-002","recco","UMD-175","Estudo do material “qualidade mp” - FASE 2","casa-cliente","24/07/2025","Concluída","Sim","CX Hub — ID: UMD-175","Operação","Sem Área","Cancelado","","Configuração","Marina Santoro","","","","","uMode/_Clientes/Recco/00_Institucional/_demandas/D-2025-002.md"
"D-2025-003","recco","UMD-324","Organizar campos na aba Informações Gerais","casa-cliente","02/09/2025","Concluída","Sim","CX Hub — ID: UMD-324","Operação","Operação | KA","Concluído","","","Vanessa Rinaldi","","Aguardando Cliente","","","uMode/_Clientes/Recco/00_Institucional/_demandas/D-2025-003.md"
"D-2025-004","recco","UMD-312","Cálculo do Encaixe","casa-cliente","02/09/2025","Concluída","Sim","CX Hub — ID: UMD-312","Operação","Sem Área","Cancelado","Urgente","Configuração","Vanessa Rinaldi","Pedro Murillo, Julianne Rodrigues","Outra — valor legado do Notion: ""Aguardando Recurso Especial""","","","uMode/_Clientes/Recco/00_Institucional/_demandas/D-2025-004.md"
"D-2025-005","recco","UMD-311","Cálculo do DebrumI","casa-cliente","02/09/2025","Concluída","Sim","CX Hub — ID: UMD-311","Operação","Sem Área","Cancelado","Alta","Configuração","Vanessa Rinaldi","","","","","uMode/_Clientes/Recco/00_Institucional/_demandas/D-2025-005.md"
"D-2025-006","recco","UMD-327","Criar novo campo  “CAD Liberado?”","casa-cliente","03/09/2025","Concluída","Sim","CX Hub — ID: UMD-327","Operação","Operação | KA","Concluído","","Configuração","Vanessa Rinaldi","Julianne Rodrigues","","","","uMode/_Clientes/Recco/00_Institucional/_demandas/D-2025-006.md"
"D-2025-007","recco","UMD-328","Associação da Ficha de Material ao Produto - cadastro de materiais","casa-cliente","03/09/2025","Concluída","Sim","CX Hub — ID: UMD-328","Operação","Operação | KA","Concluído","","Configuração","Vanessa Rinaldi","Julianne Rodrigues, Pedro Murillo","","","","uMode/_Clientes/Recco/00_Institucional/_demandas/D-2025-007.md"
"D-2025-008","recco","UMD-330","Simulação de Pré-custo","casa-cliente","03/09/2025","Concluída","Sim","CX Hub — ID: UMD-330","Operação","Sem Área","Concluído","","","Vanessa Rinaldi","","","","","uMode/_Clientes/Recco/00_Institucional/_demandas/D-2025-008.md"
"D-2025-009","recco","UMD-642","Automatização da criação das referências (provisória e definitiva)","casa-cliente","03/09/2025","Concluída","Sim","CX Hub — ID: UMD-642","Operação","Sem Área","Cancelado","","Suporte","Vanessa Rinaldi","Julianne Rodrigues, Pedro Murillo","","","","uMode/_Clientes/Recco/00_Institucional/_demandas/D-2025-009.md"
"D-2025-010","recco","UMD-315","Cálculo da MO","casa-cliente","03/09/2025","Concluída","Sim","CX Hub — ID: UMD-315","Operação","Operação | KA","Concluído","","","Vanessa Rinaldi","","","","","uMode/_Clientes/Recco/00_Institucional/_demandas/D-2025-010.md"
"D-2025-011","recco","UMD-314","Cadastro de Linhas","casa-cliente","03/09/2025","Concluída","Sim","CX Hub — ID: UMD-314","Operação","Sem Área","Cancelado","Alta","Configuração","Vanessa Rinaldi","","","","","uMode/_Clientes/Recco/00_Institucional/_demandas/D-2025-011.md"
"D-2025-012","recco","UMD-326","Garantir “Passagens de Bastão”","casa-cliente","03/09/2025","Concluída","Sim","CX Hub — ID: UMD-326","","","Concluído","","","Vanessa Rinaldi","","","","","uMode/_Clientes/Recco/00_Institucional/_demandas/D-2025-012.md"
"D-2025-013","recco","UMD-325","Importação Imagem","casa-cliente","03/09/2025","Concluída","Sim","CX Hub — ID: UMD-325","Operação","Sem Área","Cancelado","","","Vanessa Rinaldi","","","","","uMode/_Clientes/Recco/00_Institucional/_demandas/D-2025-013.md"
"D-2025-014","recco","UMD-369","Dúvidas enviadas pelo Time Recco","casa-cliente","04/09/2025","Concluída","Sim","CX Hub — ID: UMD-369","Operação","Sem Área","Concluído","","","Vanessa Rinaldi","","","","","uMode/_Clientes/Recco/00_Institucional/_demandas/D-2025-014.md"
"D-2025-015","recco","UMD-378","Bloquear a edição campos criados por Inteligência de Mercado","casa-cliente","10/09/2025","Concluída","Sim","CX Hub — ID: UMD-378","Operação","Sem Área","Concluído","","Suporte","Julianne Rodrigues","Julianne Rodrigues, Pedro Murillo","","","","uMode/_Clientes/Recco/00_Institucional/_demandas/D-2025-015.md"
"D-2025-016","recco","UMD-379","Criar campo Margem de contribuição","casa-cliente","10/09/2025","Concluída","Sim","CX Hub — ID: UMD-379","Operação","Operação | KA","Concluído","","Configuração","Julianne Rodrigues","","","","","uMode/_Clientes/Recco/00_Institucional/_demandas/D-2025-016.md"
"D-2025-017","recco","UMD-380","Criar campo Faixa de Preço","casa-cliente","10/09/2025","Concluída","Sim","CX Hub — ID: UMD-380","Operação","Operação | KA","Concluído","","Configuração","Julianne Rodrigues","","","","","uMode/_Clientes/Recco/00_Institucional/_demandas/D-2025-017.md"
"D-2025-018","recco","UMD-375","Criar campo Atributo chave","casa-cliente","10/09/2025","Concluída","Sim","CX Hub — ID: UMD-375","Operação","Sem Área","Concluído","","Configuração","Julianne Rodrigues","Julianne Rodrigues","","","","uMode/_Clientes/Recco/00_Institucional/_demandas/D-2025-018.md"
"D-2025-019","recco","UMD-377","Criar campos na aba de informações gerais","casa-cliente","10/09/2025","Concluída","Sim","CX Hub — ID: UMD-377","Operação","Operação | KA","Concluído","","","Julianne Rodrigues","","","","","uMode/_Clientes/Recco/00_Institucional/_demandas/D-2025-019.md"
"D-2025-020","recco","UMD-396","MAPA: agrupar por responsável","casa-cliente","11/09/2025","Concluída","Sim","CX Hub — ID: UMD-396","Operação","Produto | Inovação","Cancelado","","Melhoria","Julianne Rodrigues","","","","","uMode/_Clientes/Recco/00_Institucional/_demandas/D-2025-020.md"
"D-2025-021","recco","UMD-420","Criar campo Variante B2B e Variante B2C","casa-cliente","16/09/2025","Concluída","Sim","CX Hub — ID: UMD-420","Operação","Sem Área","Concluído","","Configuração","Vanessa Rinaldi","","","","","uMode/_Clientes/Recco/00_Institucional/_demandas/D-2025-021.md"
"D-2025-022","recco","UMD-421","Criar campo em Variante para determinar a elegibilidade do Canal","casa-cliente","16/09/2025","Concluída","Sim","CX Hub — ID: UMD-421","Operação","Operação | KA","Concluído","","","Vanessa Rinaldi","","","","","uMode/_Clientes/Recco/00_Institucional/_demandas/D-2025-022.md"
"D-2025-023","recco","UMD-422","Criar campos para direcionar Preço e Aposta por produto Campo será utilizado para que o…","casa-cliente","16/09/2025","Concluída","Sim","CX Hub — ID: UMD-422","Operação","Operação | KA","Concluído","","","Vanessa Rinaldi","","","","","uMode/_Clientes/Recco/00_Institucional/_demandas/D-2025-023.md"
"D-2025-024","recco","UMD-376","Campo Ref de Mercado","casa-cliente","16/09/2025","Concluída","Sim","CX Hub — ID: UMD-376","Operação","Operação | KA","Concluído","","","Julianne Rodrigues","","","","","uMode/_Clientes/Recco/00_Institucional/_demandas/D-2025-024.md"
"D-2025-025","recco","UMD-418","Criar base de upload sortimento","casa-cliente","16/09/2025","Concluída","Sim","CX Hub — ID: UMD-418","Operação","Operação | KA","Concluído","","Configuração","Julianne Rodrigues","Julianne Rodrigues, Pedro Murillo","","","","uMode/_Clientes/Recco/00_Institucional/_demandas/D-2025-025.md"
"D-2025-026","recco","UMD-419","Criar campo Modelagem","casa-cliente","16/09/2025","Concluída","Sim","CX Hub — ID: UMD-419","Operação","Operação | KA","Concluído","","","Vanessa Rinaldi","Julianne Rodrigues","","","","uMode/_Clientes/Recco/00_Institucional/_demandas/D-2025-026.md"
"D-2025-027","recco","UMD-446","Criação de perfis e convites de usuários","casa-cliente","17/09/2025","Concluída","Sim","CX Hub — ID: UMD-446","Operação","Sem Área","Concluído","","Configuração","Julianne Rodrigues","","","","","uMode/_Clientes/Recco/00_Institucional/_demandas/D-2025-027.md"
"D-2025-028","recco","UMD-534","Criar campos observações da engenharia","casa-cliente","18/09/2025","Concluída","Sim","CX Hub — ID: UMD-534","Operação","Operação | KA","Concluído","","Configuração","Julianne Rodrigues","Julianne Rodrigues","","","","uMode/_Clientes/Recco/00_Institucional/_demandas/D-2025-028.md"
"D-2025-029","recco","UMD-535","Criar uma nova aba denominada DADOS CAD","casa-cliente","18/09/2025","Concluída","Sim","CX Hub — ID: UMD-535","Operação","Operação | KA","Concluído","","Configuração","Julianne Rodrigues","Julianne Rodrigues","","","","uMode/_Clientes/Recco/00_Institucional/_demandas/D-2025-029.md"
"D-2025-030","recco","UMD-486","Criar campos Sku B2B e ku B2C","casa-cliente","22/09/2025","Concluída","Sim","CX Hub — ID: UMD-486","Operação","Operação | KA","Concluído","","Configuração","Julianne Rodrigues","Julianne Rodrigues","","","","uMode/_Clientes/Recco/00_Institucional/_demandas/D-2025-030.md"
"D-2025-031","recco","UMD-556","Criar campo sugestão de grade","casa-cliente","30/09/2025","Concluída","Sim","CX Hub — ID: UMD-556","Operação","Operação | KA","Concluído","","Configuração","Julianne Rodrigues","","","","","uMode/_Clientes/Recco/00_Institucional/_demandas/D-2025-031.md"
"D-2025-032","recco","UMD-558","Desativar notificações de alterações em produtos e tarefas no geral","casa-cliente","30/09/2025","Concluída","Sim","CX Hub — ID: UMD-558","Operação","Sem Área","Cancelado","","Configuração","Julianne Rodrigues","Julianne Rodrigues","","","","uMode/_Clientes/Recco/00_Institucional/_demandas/D-2025-032.md"
"D-2025-033","recco","UMD-550","Verificar a existência de pacotes de materiais com a Patricia para subir na uMode","casa-cliente","30/09/2025","Concluída","Sim","CX Hub — ID: UMD-550","Operação","Operação | KA","Cancelado","","Configuração","Julianne Rodrigues","","","","","uMode/_Clientes/Recco/00_Institucional/_demandas/D-2025-033.md"
"D-2025-034","recco","UMD-551","Verificar a existência de tabelas base para cadastrar na uMode","casa-cliente","30/09/2025","Concluída","Sim","CX Hub — ID: UMD-551","Operação","Operação | KA","Cancelado","","Configuração","Julianne Rodrigues","","","","","uMode/_Clientes/Recco/00_Institucional/_demandas/D-2025-034.md"
"D-2025-035","recco","UMD-575","Template de ficha DEBRUM Corte e Debrum preparação","casa-cliente","02/10/2025","Concluída","Sim","CX Hub — ID: UMD-575","Operação","Sem Área","Cancelado","","Configuração","Julianne Rodrigues","","","","","uMode/_Clientes/Recco/00_Institucional/_demandas/D-2025-035.md"
"D-2025-036","recco","UMD-629","Cria campo de seleção para o time de engenharia","casa-cliente","02/10/2025","Concluída","Sim","CX Hub — ID: UMD-629","","","Concluído","","Configuração","Julianne Rodrigues","","","","","uMode/_Clientes/Recco/00_Institucional/_demandas/D-2025-036.md"
"D-2025-037","recco","UMD-573","Necessidade de de processo concluído: pilotagem, tempo e custo - Fase","casa-cliente","02/10/2025","Concluída","Sim","CX Hub — ID: UMD-573","Operação","Operação | KA","Cancelado","","Configuração","Julianne Rodrigues","","","","","uMode/_Clientes/Recco/00_Institucional/_demandas/D-2025-037.md"
"D-2025-038","recco","UMD-571","Criação de novos campos dados briefing e edição de campos e lista de campos","casa-cliente","02/10/2025","Concluída","Sim","CX Hub — ID: UMD-571","Operação","Sem Área","Concluído","Alta","Suporte","Julianne Rodrigues","Julianne Rodrigues, Pedro Murillo","","","","uMode/_Clientes/Recco/00_Institucional/_demandas/D-2025-038.md"
"D-2025-039","recco","UMD-572","Liberar o cadastro manual materiais para efeito de calculo de simulação de custos","casa-cliente","02/10/2025","Concluída","Sim","CX Hub — ID: UMD-572","Operação","Sem Área","Concluído","Urgente","Suporte","Julianne Rodrigues","","","","","uMode/_Clientes/Recco/00_Institucional/_demandas/D-2025-039.md"
"D-2025-040","recco","UMD-631","PREENCHIMENTO DE CAMPO EM MASSA","casa-cliente","03/10/2025","Concluída","Sim","CX Hub — ID: UMD-631","Operação","Sem Área","Concluído","","Suporte","Pedro Murillo","Pedro Murillo, Julianne Rodrigues","","","","uMode/_Clientes/Recco/00_Institucional/_demandas/D-2025-040.md"
"D-2025-041","recco","UMD-630","Falta material na uMode e erro de integração de materiais","casa-cliente","03/10/2025","Concluída","Sim","CX Hub — ID: UMD-630","Tech","Suporte Tech","Concluído","","Integração","Julianne Rodrigues","Marina Santoro","","","","uMode/_Clientes/Recco/00_Institucional/_demandas/D-2025-041.md"
"D-2025-042","recco","UMD-706","Configurar aba de importação de materiais para editar largura, gramatura e rendimento.","casa-cliente","16/10/2025","Concluída","Sim","CX Hub — ID: UMD-706","Operação","Operação | KA","Concluído","","Configuração","Julianne Rodrigues","","","","","uMode/_Clientes/Recco/00_Institucional/_demandas/D-2025-042.md"
"D-2025-001","reserva","UMD-98","Via chat, usuário deixou um feedback dizendo que seria válido estabelecermos limites pa…","casa-cliente","09/05/2025","Concluída","Sim","CX Hub — ID: UMD-98","Operação","Produto | Inovação","Backlog","","Melhoria","Pedro Murillo","","Aguardando Decisão","","","uMode/_Clientes/Reserva/00_Institucional/_demandas/D-2025-001.md"
"D-2025-002","reserva","UMD-278","Regra simplificada % de entrega dentro/fora do prazo","casa-cliente","03/06/2025","Concluída","Sim","CX Hub — ID: UMD-278","Tech","Suporte Tech","Concluído","","Configuração","Victor Aragão","","","","","uMode/_Clientes/Reserva/00_Institucional/_demandas/D-2025-002.md"
"D-2025-003","reserva","UMD-130","Alterações Relat Acompanhamento de Follow","casa-cliente","05/06/2025","Concluída","Sim","CX Hub — ID: UMD-130","Tech","Suporte Tech","Concluído","","Configuração","Andrea Holmer","Andrea Holmer","","","","uMode/_Clientes/Reserva/00_Institucional/_demandas/D-2025-003.md"
"D-2025-004","reserva","UMD-292","APOSTA - PS + IMAGEM INV 26","casa-cliente","17/06/2025","Concluída","Sim","CX Hub — ID: UMD-292","Tech","Suporte Tech","Cancelado","","Melhoria","Victor Aragão","","","","","uMode/_Clientes/Reserva/00_Institucional/_demandas/D-2025-004.md"
"D-2025-005","reserva","UMD-302","Relatório Recebimento","casa-cliente","08/08/2025","Concluída","Sim","CX Hub — ID: UMD-302","Tech","Suporte Tech","Concluído","Alta","Melhoria","Victor Aragão","","","","","uMode/_Clientes/Reserva/00_Institucional/_demandas/D-2025-005.md"
"D-2025-006","reserva","UMD-804","Relatório Recebimento  - Substituir BI","casa-cliente","08/08/2025","Concluída","Sim","CX Hub — ID: UMD-804","Tech","Suporte Tech","Backlog","Alta","Melhoria","Fernanda Araujo","","","","","uMode/_Clientes/Reserva/00_Institucional/_demandas/D-2025-006.md"
"D-2025-007","reserva","UMD-235","Imagem da ficha técnica não abre adequadamente","casa-cliente","20/08/2025","Concluída","Sim","CX Hub — ID: UMD-235","Tech","Suporte Tech","A fazer","","Suporte","Victor Aragão","","","","","uMode/_Clientes/Reserva/00_Institucional/_demandas/D-2025-007.md"
"D-2025-008","reserva","UMD-284","Atualização depois do Arquivamento","casa-cliente","02/09/2025","Concluída","Sim","CX Hub — ID: UMD-284","Tech","Suporte Tech","A fazer","","Configuração","Victor Aragão","","","","","uMode/_Clientes/Reserva/00_Institucional/_demandas/D-2025-008.md"
"D-2025-009","reserva","UMD-277","Separação de marcas - Re","casa-cliente","02/09/2025","Concluída","Sim","CX Hub — ID: UMD-277","","","Concluído","","","Victor Aragão","","","","","uMode/_Clientes/Reserva/00_Institucional/_demandas/D-2025-009.md"
"D-2025-010","reserva","UMD-281","Automatização com os Relatórios","casa-cliente","02/09/2025","Concluída","Sim","CX Hub — ID: UMD-281","Tech","Suporte Tech","Concluído","","Suporte","Victor Aragão","","","","","uMode/_Clientes/Reserva/00_Institucional/_demandas/D-2025-010.md"
"D-2025-011","reserva","UMD-283","Sistema de Arquivamento","casa-cliente","02/09/2025","Concluída","Sim","CX Hub — ID: UMD-283","Tech","Suporte Tech","A fazer","","Configuração","Victor Aragão","","","","","uMode/_Clientes/Reserva/00_Institucional/_demandas/D-2025-011.md"
"D-2025-012","reserva","UMD-282","Implementação da Ferramenta","casa-cliente","02/09/2025","Concluída","Sim","CX Hub — ID: UMD-282","Tech","Suporte Tech","Concluído","","Configuração","Victor Aragão","","","","","uMode/_Clientes/Reserva/00_Institucional/_demandas/D-2025-012.md"
"D-2025-013","reserva","UMD-280","Desenvolvimento de Automatização com os Relatórios","casa-cliente","02/09/2025","Concluída","Sim","CX Hub — ID: UMD-280","Tech","Suporte Tech","Concluído","","Suporte","Victor Aragão","","","","","uMode/_Clientes/Reserva/00_Institucional/_demandas/D-2025-013.md"
"D-2025-014","reserva","UMD-279","Disponibilizar a ferramenta para o planejamento do Mix em separado para as 3 Griffes (R…","casa-cliente","02/09/2025","Concluída","Sim","CX Hub — ID: UMD-279","Tech","Suporte Tech","Em Progresso","","Suporte","Victor Aragão","","Outra — valor legado do Notion: ""Mudança de Priorização - Item urgente na frente!""","","","uMode/_Clientes/Reserva/00_Institucional/_demandas/D-2025-014.md"
"D-2025-015","reserva","UMD-276","PS + SIMILARES","casa-cliente","02/09/2025","Concluída","Sim","CX Hub — ID: UMD-276","Tech","Suporte Tech","Cancelado","","Suporte","Victor Aragão","","","","","uMode/_Clientes/Reserva/00_Institucional/_demandas/D-2025-015.md"
"D-2025-016","reserva","UMD-269","NOVO RELATÓRIO | Digitalizar/automatizar Documento de Line Review (com imagens extraída…","casa-cliente","02/09/2025","Concluída","Sim","CX Hub — ID: UMD-269","","","Backlog","","","Victor Aragão","","","","","uMode/_Clientes/Reserva/00_Institucional/_demandas/D-2025-016.md"
"D-2025-017","reserva","UMD-270","RELATÓRIO DE LACRE |  Rever modelo do gráfico de DASHBOARD DE LACRE GERAL","casa-cliente","02/09/2025","Concluída","Sim","CX Hub — ID: UMD-270","","","Backlog","","","Victor Aragão","","","","","uMode/_Clientes/Reserva/00_Institucional/_demandas/D-2025-017.md"
"D-2025-018","reserva","UMD-266","Atualização do Relatório de Follow","casa-cliente","02/09/2025","Concluída","Sim","CX Hub — ID: UMD-266","Tech","Suporte Tech","Concluído","","Melhoria","Victor Aragão","","","","","uMode/_Clientes/Reserva/00_Institucional/_demandas/D-2025-018.md"
"D-2025-019","reserva","UMD-267","Atualização do Relatório reunião de preço","casa-cliente","02/09/2025","Concluída","Sim","CX Hub — ID: UMD-267","Tech","Suporte Tech","A fazer","","Bug","Victor Aragão","","","","","uMode/_Clientes/Reserva/00_Institucional/_demandas/D-2025-019.md"
"D-2025-020","reserva","UMD-271","RELATÓRIO | incluir atributos Descritivos, após finalização da importação dos Atributos)","casa-cliente","02/09/2025","Concluída","Sim","CX Hub — ID: UMD-271","Tech","Suporte Tech","A fazer","","Suporte","Victor Aragão","","","","","uMode/_Clientes/Reserva/00_Institucional/_demandas/D-2025-020.md"
"D-2025-021","reserva","UMD-274","Checagem de Integridade com Pedidos da Carteira","casa-cliente","02/09/2025","Concluída","Sim","CX Hub — ID: UMD-274","Tech","Suporte Tech","Cancelado","","Suporte","Victor Aragão","","","","","uMode/_Clientes/Reserva/00_Institucional/_demandas/D-2025-021.md"
"D-2025-022","reserva","UMD-275","Adição do Status do Item (ex: ""Lacrado"")","casa-cliente","02/09/2025","Concluída","Sim","CX Hub — ID: UMD-275","Tech","Suporte Tech","A fazer","","Suporte","Victor Aragão","","","","","uMode/_Clientes/Reserva/00_Institucional/_demandas/D-2025-022.md"
"D-2025-023","reserva","UMD-272","Organização de Atributos","casa-cliente","02/09/2025","Concluída","Sim","CX Hub — ID: UMD-272","","","Cancelado","","Melhoria","Victor Aragão","","","","","uMode/_Clientes/Reserva/00_Institucional/_demandas/D-2025-023.md"
"D-2025-024","reserva","UMD-273","Treinamento para Fornecedores Pilotos","casa-cliente","02/09/2025","Concluída","Sim","CX Hub — ID: UMD-273","Operação","Sem Área","Concluído","","Suporte","Victor Aragão","","","","","uMode/_Clientes/Reserva/00_Institucional/_demandas/D-2025-024.md"
"D-2025-025","reserva","UMD-299","Definição do campo NOME para ATRIBUTOS","casa-cliente","02/09/2025","Concluída","Sim","CX Hub — ID: UMD-299","Operação","Sem Área","Concluído","","Configuração","Victor Aragão","","","","","uMode/_Clientes/Reserva/00_Institucional/_demandas/D-2025-025.md"
"D-2025-026","reserva","UMD-300","Ajustar Check Conferido em MATERIAIS","casa-cliente","02/09/2025","Concluída","Sim","CX Hub — ID: UMD-300","Operação","Sem Área","Concluído","Média","Suporte","Victor Aragão","","","","","uMode/_Clientes/Reserva/00_Institucional/_demandas/D-2025-026.md"
"D-2025-027","reserva","UMD-297","Ajustar relatório de Lacre Geral no legado","casa-cliente","02/09/2025","Concluída","Sim","CX Hub — ID: UMD-297","Tech","Suporte Tech","A fazer","Média","Bug","Victor Aragão","","","","","uMode/_Clientes/Reserva/00_Institucional/_demandas/D-2025-027.md"
"D-2025-028","reserva","UMD-298","Ajuste Relatório de Mostruário","casa-cliente","02/09/2025","Concluída","Sim","CX Hub — ID: UMD-298","Tech","Suporte Tech","Concluído","Média","Bug","Victor Aragão","","","","","uMode/_Clientes/Reserva/00_Institucional/_demandas/D-2025-028.md"
"D-2025-029","reserva","UMD-301","[RESERVA] - Relatório de Lacre Geral não atualiza Coleção INV26 automaticamente","casa-cliente","02/09/2025","Concluída","Sim","CX Hub — ID: UMD-301","Operação","Sem Área","Concluído","Média","Suporte","Victor Aragão","","","","","uMode/_Clientes/Reserva/00_Institucional/_demandas/D-2025-029.md"
"D-2025-030","reserva","UMD-305","Relatório Lacre - Status importados","casa-cliente","02/09/2025","Concluída","Sim","CX Hub — ID: UMD-305","Tech","Suporte Tech","Backlog","","Melhoria","Victor Aragão","","","","","uMode/_Clientes/Reserva/00_Institucional/_demandas/D-2025-030.md"
"D-2025-031","reserva","UMD-306","Relatório Mostruário","casa-cliente","02/09/2025","Concluída","Sim","CX Hub — ID: UMD-306","Tech","Suporte Tech","Concluído","","Melhoria","Victor Aragão","","","","","uMode/_Clientes/Reserva/00_Institucional/_demandas/D-2025-031.md"
"D-2025-032","reserva","UMD-303","Relatório Planejado x realizado","casa-cliente","02/09/2025","Concluída","Sim","CX Hub — ID: UMD-303","Tech","Suporte Tech","Concluído","","Melhoria","Victor Aragão","","","","","uMode/_Clientes/Reserva/00_Institucional/_demandas/D-2025-032.md"
"D-2025-033","reserva","UMD-304","Relatório Custos","casa-cliente","02/09/2025","Concluída","Sim","CX Hub — ID: UMD-304","Tech","Suporte Tech","Backlog","","Melhoria","Victor Aragão","","","","","uMode/_Clientes/Reserva/00_Institucional/_demandas/D-2025-033.md"
"D-2025-034","reserva","UMD-287","Checagem de Campos (PA, MP e OP)","casa-cliente","02/09/2025","Concluída","Sim","CX Hub — ID: UMD-287","Tech","Suporte Tech","A fazer","","Configuração","Victor Aragão","","","","","uMode/_Clientes/Reserva/00_Institucional/_demandas/D-2025-034.md"
"D-2025-035","reserva","UMD-288","Ajustes de Campos, Exibições e Dados - Saldo / A Entregar","casa-cliente","02/09/2025","Concluída","Sim","CX Hub — ID: UMD-288","Tech","Suporte Tech","A fazer","","Configuração","Victor Aragão","","","","","uMode/_Clientes/Reserva/00_Institucional/_demandas/D-2025-035.md"
"D-2025-036","reserva","UMD-285","Checagem das Requisições de Programação","casa-cliente","02/09/2025","Concluída","Sim","CX Hub — ID: UMD-285","Tech","Suporte Tech","A fazer","","Configuração","Victor Aragão","","","","","uMode/_Clientes/Reserva/00_Institucional/_demandas/D-2025-036.md"
"D-2025-037","reserva","UMD-286","Abastecimento Automático de Libs de Filtros","casa-cliente","02/09/2025","Concluída","Sim","CX Hub — ID: UMD-286","Tech","Suporte Tech","A fazer","","Configuração","Victor Aragão","","","","","uMode/_Clientes/Reserva/00_Institucional/_demandas/D-2025-037.md"
"D-2025-038","reserva","UMD-289","Relatório Lacre - Produto/fornecedor + Entradas","casa-cliente","02/09/2025","Concluída","Sim","CX Hub — ID: UMD-289","Tech","Suporte Tech","Análise","","Melhoria","Victor Aragão","","","","","uMode/_Clientes/Reserva/00_Institucional/_demandas/D-2025-038.md"
"D-2025-039","reserva","UMD-295","Somatório Relat Acompanhamento de Follow","casa-cliente","02/09/2025","Concluída","Sim","CX Hub — ID: UMD-295","Tech","Suporte Tech","Concluído","Média","Bug","Victor Aragão","","","","","uMode/_Clientes/Reserva/00_Institucional/_demandas/D-2025-039.md"
"D-2025-040","reserva","UMD-296","Relatório Reunião de Preço","casa-cliente","02/09/2025","Concluída","Sim","CX Hub — ID: UMD-296","Tech","Suporte Tech","A fazer","Média","Bug","Victor Aragão","","","","","uMode/_Clientes/Reserva/00_Institucional/_demandas/D-2025-040.md"
"D-2025-041","reserva","UMD-290","PS para Atacado","casa-cliente","02/09/2025","Concluída","Sim","CX Hub — ID: UMD-290","Tech","Suporte Tech","A fazer","","Melhoria","Victor Aragão","","","","","uMode/_Clientes/Reserva/00_Institucional/_demandas/D-2025-041.md"
"D-2025-042","reserva","UMD-293","Ajustes no Relatório DESCRITIVOS (BAZAR/COLEÇÃO)","casa-cliente","02/09/2025","Concluída","Sim","CX Hub — ID: UMD-293","Tech","Suporte Tech","A fazer","Alta","Suporte","Victor Aragão","","","","","uMode/_Clientes/Reserva/00_Institucional/_demandas/D-2025-042.md"
"D-2025-043","reserva","UMD-237","Inclusão de Aba e Campos","casa-cliente","02/09/2025","Concluída","Sim","CX Hub — ID: UMD-237","","","Concluído","","","Victor Aragão","","","","","uMode/_Clientes/Reserva/00_Institucional/_demandas/D-2025-043.md"
"D-2025-044","reserva","UMD-238","Ação para criar pedido de pilotagem automaticamente assim que o produto for colocado co…","casa-cliente","02/09/2025","Concluída","Sim","CX Hub — ID: UMD-238","","","Análise","","","Victor Aragão","","","","","uMode/_Clientes/Reserva/00_Institucional/_demandas/D-2025-044.md"
"D-2025-045","reserva","UMD-234","Ajuste da Completude","casa-cliente","02/09/2025","Concluída","Sim","CX Hub — ID: UMD-234","Tech","Suporte Tech","Concluído","Alta","Suporte","Victor Aragão","","","","","uMode/_Clientes/Reserva/00_Institucional/_demandas/D-2025-045.md"
"D-2025-046","reserva","UMD-236","Importação Primeiras Coleções","casa-cliente","02/09/2025","Concluída","Sim","CX Hub — ID: UMD-236","","","Concluído","","","Victor Aragão","","","","","uMode/_Clientes/Reserva/00_Institucional/_demandas/D-2025-046.md"
"D-2025-047","reserva","UMD-239","Permitir customização do checklist, acrescentando alguma opção extra","casa-cliente","02/09/2025","Concluída","Sim","CX Hub — ID: UMD-239","Operação","Produto | Inovação","Cancelado","","Melhoria","Victor Aragão","","","","","uMode/_Clientes/Reserva/00_Institucional/_demandas/D-2025-047.md"
"D-2025-048","reserva","UMD-242","Colocar o campo de número de lacre dentro do Checklist","casa-cliente","02/09/2025","Concluída","Sim","CX Hub — ID: UMD-242","","","Concluído","","","Victor Aragão","","","","","uMode/_Clientes/Reserva/00_Institucional/_demandas/D-2025-048.md"
"D-2025-049","reserva","UMD-243","Criar campo na Ficha de Produto para controle de Mix de Produto (Sortimento)","casa-cliente","02/09/2025","Concluída","Sim","CX Hub — ID: UMD-243","Operação","Sem Área","Backlog","","Configuração","Victor Aragão","","","","","uMode/_Clientes/Reserva/00_Institucional/_demandas/D-2025-049.md"
"D-2025-050","reserva","UMD-240","Cabeçalho fixo na tabela de medida / variantes / materiais","casa-cliente","02/09/2025","Concluída","Sim","CX Hub — ID: UMD-240","Operação","Produto | Inovação","Backlog","","Melhoria","Victor Aragão","","Aguardando Decisão","","","uMode/_Clientes/Reserva/00_Institucional/_demandas/D-2025-050.md"
"D-2025-051","reserva","UMD-241","ALTERAÇÃO DE FORNECEDOR | Definir permissionamento para Troca de Fornecedores","casa-cliente","02/09/2025","Concluída","Sim","CX Hub — ID: UMD-241","","","Análise","","","Victor Aragão","","","","","uMode/_Clientes/Reserva/00_Institucional/_demandas/D-2025-051.md"
"D-2025-052","reserva","UMD-226","Gestão de Desenvolvimento de Estampa","casa-cliente","02/09/2025","Concluída","Sim","CX Hub — ID: UMD-226","Operação","Sem Área","Análise","","Configuração","Victor Aragão","","","","","uMode/_Clientes/Reserva/00_Institucional/_demandas/D-2025-052.md"
"D-2025-053","reserva","UMD-219","Novo layout carta lacre - CARTA LACRE SIMPLIFICADA","casa-cliente","02/09/2025","Concluída","Sim","CX Hub — ID: UMD-219","Operação","Sem Área","Concluído","Média","Configuração","Victor Aragão","","","","","uMode/_Clientes/Reserva/00_Institucional/_demandas/D-2025-053.md"
"D-2025-054","reserva","UMD-220","Alterações  Relatório Acompanhanto de Follow","casa-cliente","02/09/2025","Concluída","Sim","CX Hub — ID: UMD-220","Tech","Suporte Tech","Concluído","","Suporte","Victor Aragão","","Outra — valor legado do Notion: ""Ordem da Diretoria - Não faremos isso nesse momento""","","","uMode/_Clientes/Reserva/00_Institucional/_demandas/D-2025-054.md"
"D-2025-055","reserva","UMD-217","Relatório de Acompanhamento de FOLLOW","casa-cliente","02/09/2025","Concluída","Sim","CX Hub — ID: UMD-217","Tech","Suporte Tech","Concluído","Alta","Suporte","Victor Aragão","","Aguardando Cliente","","","uMode/_Clientes/Reserva/00_Institucional/_demandas/D-2025-055.md"
"D-2025-056","reserva","UMD-218","MVP - Descritivo com IA","casa-cliente","02/09/2025","Concluída","Sim","CX Hub — ID: UMD-218","","","Aguardando Validação","Média","Melhoria","Victor Aragão","","","","","uMode/_Clientes/Reserva/00_Institucional/_demandas/D-2025-056.md"
"D-2025-057","reserva","UMD-221","Estampas - Banco + Campo","casa-cliente","02/09/2025","Concluída","Sim","CX Hub — ID: UMD-221","Operação","Sem Área","Cancelado","","Suporte","Victor Aragão","","","","","uMode/_Clientes/Reserva/00_Institucional/_demandas/D-2025-057.md"
"D-2025-058","reserva","UMD-224","CONF DE MP |Travamento do consumo a partir do Check do fornecedor","casa-cliente","02/09/2025","Concluída","Sim","CX Hub — ID: UMD-224","Operação","Sem Área","Análise","","Melhoria","Victor Aragão","","","","","uMode/_Clientes/Reserva/00_Institucional/_demandas/D-2025-058.md"
"D-2025-059","reserva","UMD-225","KIT & ROTA OPERAÇÃO | Evoluir em Automações","casa-cliente","02/09/2025","Concluída","Sim","CX Hub — ID: UMD-225","","","Análise","","","Victor Aragão","","","","","uMode/_Clientes/Reserva/00_Institucional/_demandas/D-2025-059.md"
"D-2025-060","reserva","UMD-222","Mini Projeto - CHECK LISTA/CARTA LACRE BILINGUE","casa-cliente","02/09/2025","Concluída","Sim","CX Hub — ID: UMD-222","Tech","Suporte Tech","Em Progresso","","Melhoria","Victor Aragão","","","","","uMode/_Clientes/Reserva/00_Institucional/_demandas/D-2025-060.md"
"D-2025-061","reserva","UMD-223","CONF DE MP | Definir conferência de MP (Perfil de Acesso) (check box)","casa-cliente","02/09/2025","Concluída","Sim","CX Hub — ID: UMD-223","","","Concluído","","","Victor Aragão","","","","","uMode/_Clientes/Reserva/00_Institucional/_demandas/D-2025-061.md"
"D-2025-062","reserva","UMD-244","Ferramenta para Planejamento e Mix de Produto","casa-cliente","02/09/2025","Concluída","Sim","CX Hub — ID: UMD-244","Tech","Suporte Tech","Em Progresso","","Configuração","Victor Aragão","","Outra — valor legado do Notion: ""Mudança de Priorização - Item urgente na frente!""","","","uMode/_Clientes/Reserva/00_Institucional/_demandas/D-2025-062.md"
"D-2025-063","reserva","UMD-258","Campo Requerido por","casa-cliente","02/09/2025","Concluída","Sim","CX Hub — ID: UMD-258","","","Backlog","","","Victor Aragão","","","","","uMode/_Clientes/Reserva/00_Institucional/_demandas/D-2025-063.md"
"D-2025-064","reserva","UMD-259","Conferência de Cálculos","casa-cliente","02/09/2025","Concluída","Sim","CX Hub — ID: UMD-259","","","Backlog","","","Victor Aragão","","","","","uMode/_Clientes/Reserva/00_Institucional/_demandas/D-2025-064.md"
"D-2025-065","reserva","UMD-256","Filtros - Coleção / Marca","casa-cliente","02/09/2025","Concluída","Sim","CX Hub — ID: UMD-256","","","Backlog","","","Victor Aragão","","","","","uMode/_Clientes/Reserva/00_Institucional/_demandas/D-2025-065.md"
"D-2025-066","reserva","UMD-257","Filtros - Pedido Fornecedor","casa-cliente","02/09/2025","Concluída","Sim","CX Hub — ID: UMD-257","","","Backlog","","","Victor Aragão","","","","","uMode/_Clientes/Reserva/00_Institucional/_demandas/D-2025-066.md"
"D-2025-067","reserva","UMD-260","Sistema de Arquivamento","casa-cliente","02/09/2025","Concluída","Sim","CX Hub — ID: UMD-260","","","Backlog","","","Victor Aragão","","","","","uMode/_Clientes/Reserva/00_Institucional/_demandas/D-2025-067.md"
"D-2025-068","reserva","UMD-264","Mostruário X Arquivamento da Carteira de Pedidos","casa-cliente","02/09/2025","Concluída","Sim","CX Hub — ID: UMD-264","","","Concluído","","","Victor Aragão","","","","","uMode/_Clientes/Reserva/00_Institucional/_demandas/D-2025-068.md"
"D-2025-069","reserva","UMD-265","Atualização do Relatório","casa-cliente","02/09/2025","Concluída","Sim","CX Hub — ID: UMD-265","","","Backlog","","","Victor Aragão","","","","","uMode/_Clientes/Reserva/00_Institucional/_demandas/D-2025-069.md"
"D-2025-070","reserva","UMD-261","Fornecedores X Entradas","casa-cliente","02/09/2025","Concluída","Sim","CX Hub — ID: UMD-261","","","Backlog","","","Victor Aragão","","","","","uMode/_Clientes/Reserva/00_Institucional/_demandas/D-2025-070.md"
"D-2025-071","reserva","UMD-263","Ajustes de Status de Produto","casa-cliente","02/09/2025","Concluída","Sim","CX Hub — ID: UMD-263","","","Concluído","","","Victor Aragão","","","","","uMode/_Clientes/Reserva/00_Institucional/_demandas/D-2025-071.md"
"D-2025-072","reserva","UMD-255","Filtros - Comprador","casa-cliente","02/09/2025","Concluída","Sim","CX Hub — ID: UMD-255","","","Backlog","","","Victor Aragão","","","","","uMode/_Clientes/Reserva/00_Institucional/_demandas/D-2025-072.md"
"D-2025-073","reserva","UMD-248","Ajuste Manual do Estoque","casa-cliente","02/09/2025","Concluída","Sim","CX Hub — ID: UMD-248","Tech","Suporte Tech","Backlog","","Configuração","Victor Aragão","","","","","uMode/_Clientes/Reserva/00_Institucional/_demandas/D-2025-073.md"
"D-2025-074","reserva","UMD-249","Ação de Emitir Pedidos","casa-cliente","02/09/2025","Concluída","Sim","CX Hub — ID: UMD-249","","","Backlog","","","Victor Aragão","","","","","uMode/_Clientes/Reserva/00_Institucional/_demandas/D-2025-074.md"
"D-2025-075","reserva","UMD-245","Atualização do status do lacre dentro do Check List que não está mais aparecendo - RSV","casa-cliente","02/09/2025","Concluída","Sim","CX Hub — ID: UMD-245","Operação","Sem Área","Análise","","Configuração","Victor Aragão","","","","","uMode/_Clientes/Reserva/00_Institucional/_demandas/D-2025-075.md"
"D-2025-076","reserva","UMD-247","Vínculo com Arquivamento","casa-cliente","02/09/2025","Concluída","Sim","CX Hub — ID: UMD-247","Tech","Suporte Tech","Backlog","","Configuração","Victor Aragão","","Outra — valor legado do Notion: ""Mudança de Priorização - Item urgente na frente!""","","","uMode/_Clientes/Reserva/00_Institucional/_demandas/D-2025-076.md"
"D-2025-077","reserva","UMD-250","Gerar XLS no Padrão Linx","casa-cliente","02/09/2025","Concluída","Sim","CX Hub — ID: UMD-250","","","Backlog","","","Victor Aragão","","","","","uMode/_Clientes/Reserva/00_Institucional/_demandas/D-2025-077.md"
"D-2025-078","reserva","UMD-253","Analisar - Cálculo de Consumo","casa-cliente","02/09/2025","Concluída","Sim","CX Hub — ID: UMD-253","","","Backlog","","","Victor Aragão","","","","","uMode/_Clientes/Reserva/00_Institucional/_demandas/D-2025-078.md"
"D-2025-079","reserva","UMD-254","Histórico de Auditoria de Comentários","casa-cliente","02/09/2025","Concluída","Sim","CX Hub — ID: UMD-254","","","Backlog","","","Victor Aragão","","","","","uMode/_Clientes/Reserva/00_Institucional/_demandas/D-2025-079.md"
"D-2025-080","reserva","UMD-251","Analisar - Agrupamentos e Comprar","casa-cliente","02/09/2025","Concluída","Sim","CX Hub — ID: UMD-251","","","Backlog","","","Victor Aragão","","","","","uMode/_Clientes/Reserva/00_Institucional/_demandas/D-2025-080.md"
"D-2025-081","reserva","UMD-252","Analisar - Calculo de Estoque","casa-cliente","02/09/2025","Concluída","Sim","CX Hub — ID: UMD-252","","","Backlog","","","Victor Aragão","","","","","uMode/_Clientes/Reserva/00_Institucional/_demandas/D-2025-081.md"
"D-2025-082","reserva","UMD-675","Produto parado na interface 3","casa-cliente","11/09/2025","Concluída","Sim","CX Hub — ID: UMD-675","","","Concluído","Urgente","Bug","Marina Santoro","Marina Santoro, Victor Aragão","Outra — valor legado do Notion: ""Aguardando Recurso Especial""","","","uMode/_Clientes/Reserva/00_Institucional/_demandas/D-2025-082.md"
"D-2025-083","reserva","UMD-460","Aba Imagem (bug)","casa-cliente","19/09/2025","Concluída","Sim","CX Hub — ID: UMD-460","Operação","Sem Área","A fazer","","Suporte","Andrea Holmer","Fernanda Araujo","","","","uMode/_Clientes/Reserva/00_Institucional/_demandas/D-2025-083.md"
"D-2025-084","reserva","UMD-526","Relatórios Merchan","casa-cliente","24/09/2025","Concluída","Sim","CX Hub — ID: UMD-526","","","Análise","","Relatório","Fernanda Araujo","","","","","uMode/_Clientes/Reserva/00_Institucional/_demandas/D-2025-084.md"
"D-2025-085","reserva","UMD-567","Ajuste de Regra de Preenchimento do Campo ENTRADA","casa-cliente","01/10/2025","Concluída","Sim","CX Hub — ID: UMD-567","Operação","Sem Área","Concluído","","Suporte","Andrea Holmer","Fernanda Araujo","","","","uMode/_Clientes/Reserva/00_Institucional/_demandas/D-2025-085.md"
"D-2025-086","reserva","UMD-735","Ajustar marcas no Relat Exportação Engenharia","casa-cliente","30/10/2025","Concluída","Sim","CX Hub — ID: UMD-735","Operação","Sem Área","Análise","","Suporte","Andrea Holmer","Fernanda Araujo","","","","uMode/_Clientes/Reserva/00_Institucional/_demandas/D-2025-086.md"
"D-2025-087","reserva","UMD-783","Erro ao buscar aviamento ou tecido","casa-cliente","10/11/2025","Concluída","Sim","CX Hub — ID: UMD-783","Operação","Sem Área","Em Progresso","","Bug","Ana Paula Ramos","","","","","uMode/_Clientes/Reserva/00_Institucional/_demandas/D-2025-087.md"
"D-2025-088","reserva","UMD-805","Relatório Custos - Melhorias Compras","casa-cliente","13/11/2025","Concluída","Sim","CX Hub — ID: UMD-805","Tech","Suporte Tech","Backlog","","Melhoria","Fernanda Araujo","","","","","uMode/_Clientes/Reserva/00_Institucional/_demandas/D-2025-088.md"
"D-2025-089","reserva","UMD-802","RELATÓRIO DE FOLLOW - Unificação de controle de compra/recebimento de tecido","casa-cliente","13/11/2025","Concluída","Sim","CX Hub — ID: UMD-802","Tech","Suporte Tech","Backlog","","Melhoria","Fernanda Araujo","","","","","uMode/_Clientes/Reserva/00_Institucional/_demandas/D-2025-089.md"
"D-2025-090","reserva","UMD-803","RELATÓRIO PLAN x REAL - Básicos e Contínuos","casa-cliente","13/11/2025","Concluída","Sim","CX Hub — ID: UMD-803","Tech","Suporte Tech","Backlog","","Melhoria","Fernanda Araujo","","","","","uMode/_Clientes/Reserva/00_Institucional/_demandas/D-2025-090.md"
"D-2025-091","reserva","UMD-880","Variantes e Materiais inexistentes","casa-cliente","08/12/2025","Concluída","Sim","CX Hub — ID: UMD-880","","","Concluído","","","Fernanda Araujo","","","","","uMode/_Clientes/Reserva/00_Institucional/_demandas/D-2025-091.md"
"D-2025-092","reserva","UMD-893","Tabela de medidas não empenha","casa-cliente","19/12/2025","Concluída","Sim","CX Hub — ID: UMD-893","","","Backlog","","Melhoria","Ana Paula Ramos","","","","","uMode/_Clientes/Reserva/00_Institucional/_demandas/D-2025-092.md"
"D-2025-093","reserva","UMD-895","Regras de cancelamento variante","casa-cliente","29/12/2025","Concluída","Sim","CX Hub — ID: UMD-895","","","Backlog","","","Fernanda Araujo","","","","","uMode/_Clientes/Reserva/00_Institucional/_demandas/D-2025-093.md"
"D-2026-001","reserva","UMD-912","RELATÓRIO DE LACRE | Adicionar marca BAZAR","casa-cliente","14/01/2026","Concluída","Sim","CX Hub — ID: UMD-912","","","Backlog","","","Fernanda Araujo","","","","","uMode/_Clientes/Reserva/00_Institucional/_demandas/D-2026-001.md"
"D-2026-002","reserva","UMD-928","Mudar local de gravar aprovação - para mesmo local dos botoes de aprovação","casa-cliente","20/01/2026","Concluída","Sim","CX Hub — ID: UMD-928","","","Backlog","","","Fernanda Araujo","","","","","uMode/_Clientes/Reserva/00_Institucional/_demandas/D-2026-002.md"
"D-2026-003","reserva","UMD-929","Mudar local de gravar aprovação - para mesmo local dos botões de aprovação","casa-cliente","20/01/2026","Concluída","Sim","CX Hub — ID: UMD-929","","","Backlog","","","Fernanda Araujo","","","","","uMode/_Clientes/Reserva/00_Institucional/_demandas/D-2026-003.md"
"D-2026-004","reserva","UMD-926","Ação para criar pedido de pilotagem automaticamente assim que o produto for colocado co…","casa-cliente","20/01/2026","Concluída","Sim","CX Hub — ID: UMD-926","","","Backlog","","","Fernanda Araujo","","","","","uMode/_Clientes/Reserva/00_Institucional/_demandas/D-2026-004.md"
"D-2026-005","reserva","UMD-927","Colocar o campo de número de lacre dentro do Checklist","casa-cliente","20/01/2026","Concluída","Sim","CX Hub — ID: UMD-927","","","Backlog","","","Fernanda Araujo","","","","","uMode/_Clientes/Reserva/00_Institucional/_demandas/D-2026-005.md"
"D-2026-006","reserva","UMD-938","Adicionar marcas (mini, bebe)","casa-cliente","21/01/2026","Concluída","Sim","CX Hub — ID: UMD-938","","","Backlog","","","Fernanda Araujo","","","","","uMode/_Clientes/Reserva/00_Institucional/_demandas/D-2026-006.md"
"D-2026-007","reserva","UMD-937","Adicionar marcas (mini, bebe)","casa-cliente","21/01/2026","Concluída","Sim","CX Hub — ID: UMD-937","","","Backlog","","","Fernanda Araujo","","","","","uMode/_Clientes/Reserva/00_Institucional/_demandas/D-2026-007.md"
"D-2026-008","reserva","UMD-939","Adicionar marcas (mini, bebe)","casa-cliente","21/01/2026","Concluída","Sim","CX Hub — ID: UMD-939","","","Backlog","","","Fernanda Araujo","","","","","uMode/_Clientes/Reserva/00_Institucional/_demandas/D-2026-008.md"
"D-2026-009","reserva","UMD-941","Alteraçao Lacre Hering","casa-cliente","21/01/2026","Concluída","Sim","CX Hub — ID: UMD-941","","","Concluído","","","Fernanda Araujo","","","","","uMode/_Clientes/Reserva/00_Institucional/_demandas/D-2026-009.md"
"D-2026-010","reserva","UMD-940","Adicionar marcas (mini, bebe)","casa-cliente","21/01/2026","Concluída","Sim","CX Hub — ID: UMD-940","","","Backlog","","","Fernanda Araujo","","","","","uMode/_Clientes/Reserva/00_Institucional/_demandas/D-2026-010.md"
"D-2026-011","reserva","UMD-932","Gestão de Refs e Refs Cor.","casa-cliente","21/01/2026","Concluída","Sim","CX Hub — ID: UMD-932","","","Backlog","","","Fernanda Araujo","","","","","uMode/_Clientes/Reserva/00_Institucional/_demandas/D-2026-011.md"
"D-2026-012","reserva","UMD-931","Atualização de Rebriefing","casa-cliente","21/01/2026","Concluída","Sim","CX Hub — ID: UMD-931","","","Concluído","Alta","","Fernanda Araujo","","","","","uMode/_Clientes/Reserva/00_Institucional/_demandas/D-2026-012.md"
"D-2026-013","reserva","UMD-933","Atualizar relatório para refletir variantes canceladas","casa-cliente","21/01/2026","Concluída","Sim","CX Hub — ID: UMD-933","","","Backlog","","","Fernanda Araujo","","","","","uMode/_Clientes/Reserva/00_Institucional/_demandas/D-2026-013.md"
"D-2026-014","reserva","UMD-936","Adicionar marcas (mini, bebe) - NOVO","casa-cliente","21/01/2026","Concluída","Sim","CX Hub — ID: UMD-936","","","Backlog","","","Fernanda Araujo","","","","","uMode/_Clientes/Reserva/00_Institucional/_demandas/D-2026-014.md"
"D-2026-015","reserva","UMD-935","Onepage - Adicionar marcas (mini, bebe)","casa-cliente","21/01/2026","Concluída","Sim","CX Hub — ID: UMD-935","","","Backlog","","","Fernanda Araujo","","","","","uMode/_Clientes/Reserva/00_Institucional/_demandas/D-2026-015.md"
"D-2026-016","reserva","UMD-1025","Adicionar VER27 no relatório de lacre","casa-cliente","26/02/2026","Concluída","Sim","CX Hub — ID: UMD-1025","","","Concluído","","","Fernanda Araujo","","","","","uMode/_Clientes/Reserva/00_Institucional/_demandas/D-2026-016.md"
"D-2026-017","reserva","UMD-1039","Adicionar composição","casa-cliente","03/03/2026","Concluída","Sim","CX Hub — ID: UMD-1039","","","Concluído","","","Fernanda Araujo","","","","","uMode/_Clientes/Reserva/00_Institucional/_demandas/D-2026-017.md"
"D-2026-018","reserva","UMD-1041","Ocultar custo da MP para fornecedores","casa-cliente","04/03/2026","Concluída","Sim","CX Hub — ID: UMD-1041","","","Em Progresso","","","Fernanda Araujo","","","","","uMode/_Clientes/Reserva/00_Institucional/_demandas/D-2026-018.md"
"D-2026-019","reserva","UMD-1081","Mini Projeto - Relatório de Lacre por Fornecedor x Cor","casa-cliente","12/03/2026","Concluída","Sim","CX Hub — ID: UMD-1081","","","Backlog","","","Fernanda Araujo","","","","","uMode/_Clientes/Reserva/00_Institucional/_demandas/D-2026-019.md"
"D-2026-020","reserva","UMD-1079","Mini Projeto - Implementação de Lacre de Mostruário","casa-cliente","12/03/2026","Concluída","Sim","CX Hub — ID: UMD-1079","","","Backlog","","","Fernanda Araujo","","","","","uMode/_Clientes/Reserva/00_Institucional/_demandas/D-2026-020.md"
"D-2026-021","reserva","UMD-1090","Peça Lacrada aparece como ""Recebido engenharia”","casa-cliente","13/03/2026","Concluída","Sim","CX Hub — ID: UMD-1090","","","Concluído","","","Fernanda Araujo","","","","","uMode/_Clientes/Reserva/00_Institucional/_demandas/D-2026-021.md"
"D-2026-022","reserva","UMD-1113","Alterar nome dos campos Mãe e bebê","casa-cliente","19/03/2026","Concluída","Sim","CX Hub — ID: UMD-1113","","","Concluído","","","Fernanda Araujo","","","","","uMode/_Clientes/Reserva/00_Institucional/_demandas/D-2026-022.md"
"D-2026-023","reserva","UMD-1163","Cores não integraram no material","casa-cliente","07/04/2026","Concluída","Sim","CX Hub — ID: UMD-1163","","","Aguardando Validação","","Integração","Ana Paula Ramos","","","","","uMode/_Clientes/Reserva/00_Institucional/_demandas/D-2026-023.md"
"D-2026-024","reserva","UMD-1170","Importação erro","casa-cliente","08/04/2026","Concluída","Sim","CX Hub — ID: UMD-1170","","","Concluído","","Bug","Ana Paula Ramos","","","","","uMode/_Clientes/Reserva/00_Institucional/_demandas/D-2026-024.md"
"D-2026-025","reserva","UMD-1172","Relatório Reunião de Preço - Integração","casa-cliente","09/04/2026","Concluída","Sim","CX Hub — ID: UMD-1172","","","Em Progresso","","Integração","Ju Ferré","","","","","uMode/_Clientes/Reserva/00_Institucional/_demandas/D-2026-025.md"
"D-2026-026","reserva","UMD-1196","Produto não aparece para fornecedor","casa-cliente","15/04/2026","Concluída","Sim","CX Hub — ID: UMD-1196","","","Backlog","","Bug","Ana Paula Ramos","","","","","uMode/_Clientes/Reserva/00_Institucional/_demandas/D-2026-026.md"
"D-2026-027","reserva","UMD-1232","Adicionar data de corte - Rebriefing VER27","casa-cliente","28/04/2026","Concluída","Sim","CX Hub — ID: UMD-1232","","","Em Progresso","","","Fernanda Araujo","","","","","uMode/_Clientes/Reserva/00_Institucional/_demandas/D-2026-027.md"
"D-2025-001","umode-casa","UMD-118","Fila da exportação","interna","16/05/2025","Concluída","Sim","CX Hub — ID: UMD-118","","","Backlog","","Melhoria","Marina Santoro","","","","","uMode/00_Institucional/_demandas/D-2025-001.md"
"D-2025-002","umode-casa","UMD-674","Ações campos de integração [TEMPLATE TASK]","interna","15/10/2025","Concluída","Sim","CX Hub — ID: UMD-674","","","Backlog","","Integração","Marina Santoro","Marina Santoro","","","","uMode/00_Institucional/_demandas/D-2025-002.md"
"D-2025-003","umode-casa","UMD-884","Tirar botão de forçar integração dos clientes!","interna","15/12/2025","Concluída","Sim","CX Hub — ID: UMD-884","","","A fazer","","Integração","Marina Santoro","","","","","uMode/00_Institucional/_demandas/D-2025-003.md"
"D-2026-001","umode-casa","UMD-970","Ficha técnica com variante duplicada","interna","05/02/2026","Concluída","Sim","CX Hub — ID: UMD-970","","","Cancelado","","Integração","Marina Santoro","","","","","uMode/00_Institucional/_demandas/D-2026-001.md"
"D-2025-001","vix","UMD-532","Relatórios: estilo, desenvolvimento e ficha técnica após o redesenho dos novos workflow…","casa-cliente","28/03/2025","Concluída","Sim","CX Hub — ID: UMD-532","Tech","Suporte Tech","Concluído","","Relatório","Julianne Rodrigues","","","","","uMode/_Clientes/VIX/00_Institucional/_demandas/D-2025-001.md"
"D-2025-002","vix","UMD-115","Ao preencher o fornecedor , preencher  status com a opção = produção ;","casa-cliente","02/05/2025","Concluída","Sim","CX Hub — ID: UMD-115","Operação","Sem Área","Concluído","","Configuração","Julianne Rodrigues","Julianne Rodrigues","","","","uMode/_Clientes/VIX/00_Institucional/_demandas/D-2025-002.md"
"D-2025-003","vix","UMD-122","Kanbans novos semi acabado e  estampa","casa-cliente","16/05/2025","Concluída","Sim","CX Hub — ID: UMD-122","Operação","Sem Área","Concluído","","Configuração","Julianne Rodrigues","","","","","uMode/_Clientes/VIX/00_Institucional/_demandas/D-2025-003.md"
"D-2025-004","vix","UMD-117","Impressão exibição IT TP PE paisagem 4 por página , ver + observações (MACROPLAN)","casa-cliente","16/05/2025","Concluída","Sim","CX Hub — ID: UMD-117","Operação","Sem Área","Cancelado","","Produto","Julianne Rodrigues","","","","","uMode/_Clientes/VIX/00_Institucional/_demandas/D-2025-004.md"
"D-2025-005","vix","UMD-131","Podemos incluir a opção de marcar um aviamento como Material Principal?","casa-cliente","04/06/2025","Concluída","Sim","CX Hub — ID: UMD-131","Operação","Sem Área","Concluído","","Configuração","Julianne Rodrigues","Julianne Rodrigues","","","","uMode/_Clientes/VIX/00_Institucional/_demandas/D-2025-005.md"
"D-2025-006","vix","UMD-126","Exportar tabela da aba de cadastro com nome+ pontos de medida.","casa-cliente","13/06/2025","Concluída","Sim","CX Hub — ID: UMD-126","Operação","Produto | Inovação","Backlog","Média","Melhoria","Julianne Rodrigues","Julianne Rodrigues","Aguardando Decisão","","","uMode/_Clientes/VIX/00_Institucional/_demandas/D-2025-006.md"
"D-2025-007","vix","UMD-140","Novos ajuste kanban FT: Validar tabela de medidas para produto acabado =NÃO ; Quando o…","casa-cliente","03/07/2025","Concluída","Sim","CX Hub — ID: UMD-140","Operação","Sem Área","Concluído","","Suporte","Julianne Rodrigues","","","","","uMode/_Clientes/VIX/00_Institucional/_demandas/D-2025-007.md"
"D-2025-008","vix","UMD-153","Campo comentário da prova - liberar somente para vix estilo , admim","casa-cliente","04/07/2025","Concluída","Sim","CX Hub — ID: UMD-153","Operação","Sem Área","Concluído","","Configuração","Julianne Rodrigues","","","","","uMode/_Clientes/VIX/00_Institucional/_demandas/D-2025-008.md"
"D-2025-009","vix","UMD-151","Configurar campos da engenharia","casa-cliente","04/07/2025","Concluída","Sim","CX Hub — ID: UMD-151","Operação","Sem Área","Concluído","Média","Configuração","Julianne Rodrigues","","Aguardando Cliente","","","uMode/_Clientes/VIX/00_Institucional/_demandas/D-2025-009.md"
"D-2025-010","vix","UMD-157","Bloquear mover etapas de lugar em todos os kanbans, pois os usuários movem sem querer c…","casa-cliente","11/07/2025","Concluída","Sim","CX Hub — ID: UMD-157","","","Cancelado","","Configuração","Julianne Rodrigues","","","","","uMode/_Clientes/VIX/00_Institucional/_demandas/D-2025-010.md"
"D-2025-011","vix","UMD-156","Incluir observações do fornecedor na tabela de resumo fornecedor","casa-cliente","11/07/2025","Concluída","Sim","CX Hub — ID: UMD-156","Operação","Sem Área","Concluído","","Configuração","Julianne Rodrigues","","","","","uMode/_Clientes/VIX/00_Institucional/_demandas/D-2025-011.md"
"D-2025-012","vix","UMD-152","Preencher automaticamente o campo status linx da variante","casa-cliente","11/07/2025","Concluída","Sim","CX Hub — ID: UMD-152","Operação","Sem Área","Cancelado","","Configuração","Julianne Rodrigues","","","","","uMode/_Clientes/VIX/00_Institucional/_demandas/D-2025-012.md"
"D-2025-013","vix","UMD-161","Custo fornecedor total no mapa de variantes está fazendo uma média dos custos, e segund…","casa-cliente","22/07/2025","Concluída","Sim","CX Hub — ID: UMD-161","Operação","Sem Área","Concluído","","Configuração","Julianne Rodrigues","","","","","uMode/_Clientes/VIX/00_Institucional/_demandas/D-2025-013.md"
"D-2025-014","vix","UMD-165","Criar 2  novos campos e adicionar na integração: 1º PRODUTO CAMPANHA: SIM ou NÃO. É um…","casa-cliente","23/07/2025","Concluída","Sim","CX Hub — ID: UMD-165","Operação","Sem Área","Cancelado","","Configuração","Julianne Rodrigues","","","","","uMode/_Clientes/VIX/00_Institucional/_demandas/D-2025-014.md"
"D-2025-015","vix","UMD-188","Ao criar uma tarefa não aparece o nome da pessoa que criou a tarefa. Veja o exemplo aba…","casa-cliente","06/08/2025","Concluída","Sim","CX Hub — ID: UMD-188","Operação","Sem Área","Cancelado","","Produto","Julianne Rodrigues","","","","","uMode/_Clientes/VIX/00_Institucional/_demandas/D-2025-015.md"
"D-2025-016","vix","UMD-190","View descritivo do marketing: campos variante + campos do produto por coleção","casa-cliente","08/08/2025","Concluída","Sim","CX Hub — ID: UMD-190","Operação","Sem Área","Concluído","","Configuração","Julianne Rodrigues","","","","","uMode/_Clientes/VIX/00_Institucional/_demandas/D-2025-016.md"
"D-2025-017","vix","UMD-200","Ao  duplicar um produto que tem 2  iguais  levar os 2 fornecedores","casa-cliente","14/08/2025","Concluída","Sim","CX Hub — ID: UMD-200","Operação","Sem Área","Concluído","","Configuração","Julianne Rodrigues","","","","","uMode/_Clientes/VIX/00_Institucional/_demandas/D-2025-017.md"
"D-2025-018","vix","UMD-196","Inlcuir campo ENTRADA na ficha de desenvolvimento","casa-cliente","18/08/2025","Concluída","Sim","CX Hub — ID: UMD-196","Operação","Sem Área","Concluído","","Suporte","Julianne Rodrigues","","","","","uMode/_Clientes/VIX/00_Institucional/_demandas/D-2025-018.md"
"D-2025-019","vix","UMD-198","Alterar /ajustar a base do relatório existente na vix enquanto não temos os novos. Ao a…","casa-cliente","19/08/2025","Concluída","Sim","CX Hub — ID: UMD-198","Operação","Sem Área","Cancelado","","Relatório","Julianne Rodrigues","","","","","uMode/_Clientes/VIX/00_Institucional/_demandas/D-2025-019.md"
"D-2025-020","vix","UMD-204","Os produtos acabado = SIM não precisarão passar pela coluna Preencher Consumo/ CAD.  Cr…","casa-cliente","28/08/2025","Concluída","Sim","CX Hub — ID: UMD-204","Operação","Sem Área","Concluído","","Configuração","Julianne Rodrigues","","","","","uMode/_Clientes/VIX/00_Institucional/_demandas/D-2025-020.md"
"D-2025-021","vix","UMD-313","Alterar nome da cor","casa-cliente","03/09/2025","Concluída","Sim","CX Hub — ID: UMD-313","Operação","Sem Área","Cancelado","","Suporte","Julianne Rodrigues","Julianne Rodrigues","","","","uMode/_Clientes/VIX/00_Institucional/_demandas/D-2025-021.md"
"D-2025-022","vix","UMD-372","Ajustar: Quantidade faturada = quantidade a entregar - quantidade original , na carteir…","casa-cliente","10/09/2025","Concluída","Sim","CX Hub — ID: UMD-372","Tech","Suporte Tech","Backlog","","Produto","Julianne Rodrigues","","Aguardando Decisão","","","uMode/_Clientes/VIX/00_Institucional/_demandas/D-2025-022.md"
"D-2025-023","vix","UMD-374","Visualisar as informações em OP: Programação de entrega OPS","casa-cliente","10/09/2025","Concluída","Sim","CX Hub — ID: UMD-374","Tech","Suporte Tech","Backlog","","Produto","Julianne Rodrigues","","Aguardando Decisão","","","uMode/_Clientes/VIX/00_Institucional/_demandas/D-2025-023.md"
"D-2025-024","vix","UMD-370","Filtrar por referência do produto em OP","casa-cliente","10/09/2025","Concluída","Sim","CX Hub — ID: UMD-370","Operação","Sem Área","Concluído","","Configuração","Julianne Rodrigues","","","","","uMode/_Clientes/VIX/00_Institucional/_demandas/D-2025-024.md"
"D-2025-025","vix","UMD-371","Filtrar por nome da cor ex: black, off whit","casa-cliente","10/09/2025","Concluída","Sim","CX Hub — ID: UMD-371","Tech","Suporte Tech","Backlog","","Produto","Julianne Rodrigues","","Aguardando Decisão","","","uMode/_Clientes/VIX/00_Institucional/_demandas/D-2025-025.md"
"D-2025-026","vix","UMD-409","Ajustar a ordenação do relatório de resultados, pois não está  exibindo  o ranking","casa-cliente","12/09/2025","Concluída","Sim","CX Hub — ID: UMD-409","Tech","Suporte Tech","Concluído","","Produto","Julianne Rodrigues","","","","","uMode/_Clientes/VIX/00_Institucional/_demandas/D-2025-026.md"
"D-2025-027","vix","UMD-410","uPick: relatório não apreseta o ranking + melhorias","casa-cliente","12/09/2025","Concluída","Sim","CX Hub — ID: UMD-410","Tech","Suporte Tech","Concluído","","Produto","Julianne Rodrigues","","","","","uMode/_Clientes/VIX/00_Institucional/_demandas/D-2025-027.md"
"D-2025-028","vix","UMD-399","Criar um novo campo detalhamento da LINHA do planejamento + lista de seleção (não integra)","casa-cliente","12/09/2025","Concluída","Sim","CX Hub — ID: UMD-399","Operação","Operação | KA","Cancelado","","Configuração","Julianne Rodrigues","","","","","uMode/_Clientes/VIX/00_Institucional/_demandas/D-2025-028.md"
"D-2025-029","vix","UMD-408","uPick 11/11","casa-cliente","12/09/2025","Concluída","Sim","CX Hub — ID: UMD-408","Tech","Suporte Tech","Concluído","Alta","Configuração","Julianne Rodrigues","","","","","uMode/_Clientes/VIX/00_Institucional/_demandas/D-2025-029.md"
"D-2025-030","vix","UMD-658","Geração de código de barras linha US  x regra gerar somente linha BR","casa-cliente","15/09/2025","Concluída","Sim","CX Hub — ID: UMD-658","Operação","Sem Área","Concluído","Urgente","Suporte","Victor Aragão","Julianne Rodrigues","Aguardando Cliente","","","uMode/_Clientes/VIX/00_Institucional/_demandas/D-2025-030.md"
"D-2025-031","vix","UMD-531","Action bloqueio de ficha: manter a aba do estilo liberada","casa-cliente","17/09/2025","Concluída","Sim","CX Hub — ID: UMD-531","Operação","Sem Área","Concluído","Alta","Configuração","Victor Aragão","Pedro Murillo, Julianne Rodrigues","","","","uMode/_Clientes/VIX/00_Institucional/_demandas/D-2025-031.md"
"D-2025-032","vix","UMD-439","Usuários não recebem e-mail de login (3a)","casa-cliente","17/09/2025","Concluída","Sim","CX Hub — ID: UMD-439","Operação","Sem Área","Concluído","","Suporte","Victor Aragão","Julianne Rodrigues, Pedro Murillo","","","","uMode/_Clientes/VIX/00_Institucional/_demandas/D-2025-032.md"
"D-2025-033","vix","UMD-458","Cor não integrou","casa-cliente","19/09/2025","Concluída","Sim","CX Hub — ID: UMD-458","","","Cancelado","","Integração","Ana Paula Ramos","Julianne Rodrigues, Pedro Murillo","","","","uMode/_Clientes/VIX/00_Institucional/_demandas/D-2025-033.md"
"D-2025-034","vix","UMD-533","Analisar regra de duplicação de cards e limpar campos","casa-cliente","25/09/2025","Concluída","Sim","CX Hub — ID: UMD-533","Operação","Sem Área","Concluído","","Suporte","Julianne Rodrigues","Julianne Rodrigues, Williem Berg Oliveira","","","","uMode/_Clientes/VIX/00_Institucional/_demandas/D-2025-034.md"
"D-2025-035","vix","UMD-540","Reintegrar coleção S26 para atualizar novos campos incluídos na integração dia 24/09","casa-cliente","26/09/2025","Concluída","Sim","CX Hub — ID: UMD-540","Operação","Sem Área","Concluído","Alta","Suporte","Julianne Rodrigues","","","","","uMode/_Clientes/VIX/00_Institucional/_demandas/D-2025-035.md"
"D-2025-036","vix","UMD-563","Bloquear Unidade de Medidas","casa-cliente","01/10/2025","Concluída","Sim","CX Hub — ID: UMD-563","Operação","Sem Área","Concluído","Urgente","Configuração","Pedro Murillo","Pedro Murillo, Julianne Rodrigues","","","","uMode/_Clientes/VIX/00_Institucional/_demandas/D-2025-036.md"
"D-2025-037","vix","UMD-740","Erro ao adicionar aviamento","casa-cliente","31/10/2025","Concluída","Sim","CX Hub — ID: UMD-740","Operação","Sem Área","Concluído","","Bug","Ana Paula Ramos","Julianne Rodrigues, Pedro Murillo","","","","uMode/_Clientes/VIX/00_Institucional/_demandas/D-2025-037.md"
"D-2025-038","vix","UMD-772","Campos descritivo marketing: inclusão de opção em lista e ajuste de hierarquia","casa-cliente","06/11/2025","Concluída","Sim","CX Hub — ID: UMD-772","Operação","Operação | KA","Concluído","","Configuração","Julianne Rodrigues","Julianne Rodrigues, Pedro Murillo","","","","uMode/_Clientes/VIX/00_Institucional/_demandas/D-2025-038.md"
"D-2025-039","vix","UMD-781","Separar uma variante de um card sem alterar o código Linx para poder vincular a um outr…","casa-cliente","07/11/2025","Concluída","Sim","CX Hub — ID: UMD-781","Operação","Sem Área","Cancelado","","Suporte","Julianne Rodrigues","","","","","uMode/_Clientes/VIX/00_Institucional/_demandas/D-2025-039.md"
"D-2025-040","vix","UMD-831","Config status aba cancelamento","casa-cliente","21/11/2025","Concluída","Sim","CX Hub — ID: UMD-831","","","Concluído","","Configuração","Julianne Rodrigues","","","","","uMode/_Clientes/VIX/00_Institucional/_demandas/D-2025-040.md"
"D-2025-041","vix","UMD-857","Associação automática de Workflow","casa-cliente","02/12/2025","Concluída","Sim","CX Hub — ID: UMD-857","","","Concluído","","Configuração","Pedro Murillo","Pedro Murillo, Julianne Rodrigues","","","","uMode/_Clientes/VIX/00_Institucional/_demandas/D-2025-041.md"
"D-2025-042","vix","UMD-891","uPick 03/03 provão UPICK","casa-cliente","19/12/2025","Concluída","Sim","CX Hub — ID: UMD-891","Tech","Suporte Tech","Concluído","","Configuração","Julianne Rodrigues","","","","","uMode/_Clientes/VIX/00_Institucional/_demandas/D-2025-042.md"
"D-2026-001","vix","UMD-906","Adicionar informação na VIEW","casa-cliente","08/01/2026","Concluída","Sim","CX Hub — ID: UMD-906","Tech","Suporte Tech","A fazer","","Configuração","Pedro Murillo","Pedro Murillo, Julianne Rodrigues","","","","uMode/_Clientes/VIX/00_Institucional/_demandas/D-2026-001.md"
"D-2026-002","vix","UMD-934","Action de movimentação que deveria ocorrer mediante o processo do cliente","casa-cliente","16/01/2026","Concluída","Sim","CX Hub — ID: UMD-934","Operação","Sem Área","Concluído","","Suporte","Julianne Rodrigues","Julianne Rodrigues, Pedro Murillo","","","","uMode/_Clientes/VIX/00_Institucional/_demandas/D-2026-002.md"
"D-2026-003","vix","UMD-945","Custo não integrou","casa-cliente","23/01/2026","Concluída","Sim","CX Hub — ID: UMD-945","Tech","Suporte Tech","Concluído","","Integração","Ana Paula Ramos","","","","","uMode/_Clientes/VIX/00_Institucional/_demandas/D-2026-003.md"
"D-2026-004","vix","UMD-984","Materiais desatualizados","casa-cliente","10/02/2026","Concluída","Sim","CX Hub — ID: UMD-984","Tech","Suporte Tech","Aguardando Validação","","Integração","Ana Paula Ramos","","","","","uMode/_Clientes/VIX/00_Institucional/_demandas/D-2026-004.md"
"D-2026-005","vix","UMD-994","Código linx da variante diferente da coleção","casa-cliente","13/02/2026","Concluída","Sim","CX Hub — ID: UMD-994","Tech","Suporte Tech","Aguardando Validação","","Integração","Ana Paula Ramos","","","","","uMode/_Clientes/VIX/00_Institucional/_demandas/D-2026-005.md"
"D-2026-006","vix","UMD-995","Touch nos produtos","casa-cliente","13/02/2026","Concluída","Sim","CX Hub — ID: UMD-995","","","Concluído","","Melhoria","Ana Paula Ramos","","","","","uMode/_Clientes/VIX/00_Institucional/_demandas/D-2026-006.md"
"D-2026-007","vix","UMD-992","O Campo Status linx não integrou normalmente, somente após forçar integração","casa-cliente","13/02/2026","Concluída","Sim","CX Hub — ID: UMD-992","Operação","Sem Área","Concluído","","Integração","Julianne Rodrigues","","","","","uMode/_Clientes/VIX/00_Institucional/_demandas/D-2026-007.md"
"D-2026-008","vix","UMD-993","Campo % do consumo não integrou","casa-cliente","13/02/2026","Concluída","Sim","CX Hub — ID: UMD-993","Tech","Suporte Tech","Concluído","","Integração","Julianne Rodrigues","","","","","uMode/_Clientes/VIX/00_Institucional/_demandas/D-2026-008.md"
"D-2026-009","vix","UMD-998","Exportar preenchiemnto do campo desc_estilo_site das coleções verão 27 fall 26 e import…","casa-cliente","19/02/2026","Concluída","Sim","CX Hub — ID: UMD-998","Operação","Sem Área","Cancelado","","Suporte","Julianne Rodrigues","","","","","uMode/_Clientes/VIX/00_Institucional/_demandas/D-2026-009.md"
"D-2026-010","vix","UMD-1026","Produtos duplicados repetem referência","casa-cliente","26/02/2026","Concluída","Sim","CX Hub — ID: UMD-1026","Operação","Sem Área","Análise","","Bug","Ana Paula Ramos","","","","","uMode/_Clientes/VIX/00_Institucional/_demandas/D-2026-010.md"
"D-2026-011","vix","UMD-1086","Erros de integração","casa-cliente","05/03/2026","Concluída","Sim","CX Hub — ID: UMD-1086","Tech","Suporte Tech","Concluído","","Integração","Julianne Rodrigues","","","","","uMode/_Clientes/VIX/00_Institucional/_demandas/D-2026-011.md"
"D-2026-012","vix","UMD-1093","Criação de campo com hierarquia","casa-cliente","13/03/2026","Concluída","Sim","CX Hub — ID: UMD-1093","Operação","Sem Área","Concluído","","Configuração","Julianne Rodrigues","Julianne Rodrigues","","","","uMode/_Clientes/VIX/00_Institucional/_demandas/D-2026-012.md"
"D-2026-013","vix","UMD-1243","Mudança de regra para geração de codigo de barras","casa-cliente","13/03/2026","Concluída","Sim","CX Hub — ID: UMD-1243","Tech","Suporte Tech","Backlog","","Integração","Julianne Rodrigues","Julianne Rodrigues","","RFI-2026-003","","uMode/_Clientes/VIX/00_Institucional/_demandas/D-2026-013.md"
"D-2026-014","vix","UMD-1089","Campo rota da variante atualzia diariamente  possivel incluir na integração de leitura?","casa-cliente","13/03/2026","Concluída","Sim","CX Hub — ID: UMD-1089","Tech","Suporte Tech","Backlog","","Melhoria","Julianne Rodrigues","","Aguardando Decisão","","","uMode/_Clientes/VIX/00_Institucional/_demandas/D-2026-014.md"
"D-2026-015","vix","UMD-1087","Inclusão de campos na integração","casa-cliente","13/03/2026","Concluída","Sim","CX Hub — ID: UMD-1087","Tech","Suporte Tech","Aguardando Validação","","Integração","Julianne Rodrigues","Julianne Rodrigues","","RFI-2026-003","","uMode/_Clientes/VIX/00_Institucional/_demandas/D-2026-015.md"
"D-2026-016","vix","UMD-1088","Criar campos e incluir na validação ficha de desenvolvimento","casa-cliente","13/03/2026","Concluída","Sim","CX Hub — ID: UMD-1088","Operação","Sem Área","Backlog","","Configuração","Julianne Rodrigues","","","","","uMode/_Clientes/VIX/00_Institucional/_demandas/D-2026-016.md"
"D-2026-017","vix","UMD-1108","Ajustar a validação Linx","casa-cliente","18/03/2026","Concluída","Sim","CX Hub — ID: UMD-1108","Operação","Sem Área","Concluído","","Integração","Julianne Rodrigues","Julianne Rodrigues","","","","uMode/_Clientes/VIX/00_Institucional/_demandas/D-2026-017.md"
"D-2026-018","vix","UMD-1114","Criação de novos campos > descrição inglês","casa-cliente","19/03/2026","Concluída","Sim","CX Hub — ID: UMD-1114","Operação","Sem Área","Concluído","","Configuração","Julianne Rodrigues","Julianne Rodrigues","","","","uMode/_Clientes/VIX/00_Institucional/_demandas/D-2026-018.md"
"D-2026-019","vix","UMD-1125","Custo do fornecedor 2 não integra na fila, somente quando forçava integração","casa-cliente","23/03/2026","Concluída","Sim","CX Hub — ID: UMD-1125","Tech","Suporte Tech","Concluído","","Integração","Julianne Rodrigues","","","","","uMode/_Clientes/VIX/00_Institucional/_demandas/D-2026-019.md"
"D-2026-020","vix","UMD-1128","Grades não aparecem na uMode","casa-cliente","24/03/2026","Concluída","Sim","CX Hub — ID: UMD-1128","","","Concluído","","Integração","Pedro Murillo","Pedro Murillo, Julianne Rodrigues","","","","uMode/_Clientes/VIX/00_Institucional/_demandas/D-2026-020.md"
"D-2026-021","vix","UMD-1136","Produtos não integraram","casa-cliente","26/03/2026","Concluída","Sim","CX Hub — ID: UMD-1136","Tech","Suporte Tech","Concluído","","Integração","Julianne Rodrigues","Julianne Rodrigues","","","","uMode/_Clientes/VIX/00_Institucional/_demandas/D-2026-021.md"
"D-2026-022","vix","UMD-1135","PRODUTO_FOTO - Acesso negado","casa-cliente","26/03/2026","Concluída","Sim","CX Hub — ID: UMD-1135","Tech","Suporte Tech","Concluído","","Integração","Marina Santoro","","","RFI-2026-005","","uMode/_Clientes/VIX/00_Institucional/_demandas/D-2026-022.md"
"D-2026-023","vix","UMD-1148","Botão “conferido” não clicável no Mapa","casa-cliente","01/04/2026","Concluída","Sim","CX Hub — ID: UMD-1148","","","Cancelado","","Suporte","Ana Paula Ramos","","","","","uMode/_Clientes/VIX/00_Institucional/_demandas/D-2026-023.md"
"D-2026-024","vix","UMD-1158","Variante não gerou código linx","casa-cliente","06/04/2026","Concluída","Sim","CX Hub — ID: UMD-1158","","","Concluído","","Integração","Pedro Murillo","Pedro Murillo, Julianne Rodrigues","","","","uMode/_Clientes/VIX/00_Institucional/_demandas/D-2026-024.md"
"D-2026-025","vix","UMD-1186","Erro “Isto é embaraçoso” ao abrir “Atualizações de Materiais - Linx”","casa-cliente","13/04/2026","Concluída","Sim","CX Hub — ID: UMD-1186","","","Concluído","","Suporte","Pedro Murillo","Pedro Murillo, Julianne Rodrigues","","","","uMode/_Clientes/VIX/00_Institucional/_demandas/D-2026-025.md"
"D-2026-026","vix","UMD-1191","Cor não cadastrada no material do linx","casa-cliente","14/04/2026","Concluída","Sim","CX Hub — ID: UMD-1191","","","Concluído","","Integração","Pedro Murillo","Julianne Rodrigues","","","","uMode/_Clientes/VIX/00_Institucional/_demandas/D-2026-026.md"
"D-2026-027","vix","UMD-1237","Produto com erro de integração","casa-cliente","30/04/2026","Concluída","Sim","CX Hub — ID: UMD-1237","","","Em Progresso","","Integração","Pedro Murillo","Julianne Rodrigues","","","","uMode/_Clientes/VIX/00_Institucional/_demandas/D-2026-027.md"
"D-2026-028","vix","UMD-1251","Produtos não integram cod de barras","casa-cliente","08/05/2026","Concluída","Sim","CX Hub — ID: UMD-1251","","","Aguardando Validação","","Integração","Pedro Murillo","Julianne Rodrigues","","","","uMode/_Clientes/VIX/00_Institucional/_demandas/D-2026-028.md"
